1;0612;Sinterklaas;
2;1000;Brussel;Brussel (19 gemeenten)
3;1005;Verenigde Vergadering Van De Gemeenschappelijke ;
4;1006;Raad Van De Vlaamse Gemeenschapscommissie;
5;1007;Assemblée De La Commission Communautaire Française;
6;1008;Kamer Van Volksvertegenwoordigers;
7;1009;Belgische Senaat;
8;1011;Vlaams Parlement;
9;1012;Parlement De La Communauté Française;
10;1020;Laken;Brussel (19 gemeenten)
11;1030;Schaarbeek;Brussel (19 gemeenten)
12;1031;Christelijke Sociale Organisaties;
13;1033;RTL-TVI;
14;1035;Ministerie Van Het Brussels Hoofdstedelijk Gewest;
15;1040;Etterbeek;Brussel (19 gemeenten)
16;1041;International Press Center;
17;1043;VRT;
18;1044;RTBF;
19;1045;Div -- Obsolete - Use 1212 Instead;
20;1046;European External Action Service;
21;1047;Europees Parlement;
22;1048;Europese Unie - Raad;
23;1049;Europese Unie - Commissie;
24;1050;Elsene;Brussel (19 gemeenten)
25;1060;Sint-Gillis;Brussel (19 gemeenten)
26;1070;Anderlecht;Brussel (19 gemeenten)
27;1080;Sint-Jans-Molenbeek;Brussel (19 gemeenten)
28;1081;Koekelberg;Brussel (19 gemeenten)
29;1082;Sint-Agatha-Berchem;Brussel (19 gemeenten)
30;1083;Ganshoren;Brussel (19 gemeenten)
31;1090;Jette;Brussel (19 gemeenten)
32;1099;Brussel X;
33;1100;Postcheque;
34;1101;Scanning;
35;1105;Soc;
36;1110;Nato;
37;1120;Neder-Over-Heembeek;Brussel (19 gemeenten)
38;1130;Haren;Brussel (19 gemeenten)
39;1140;Evere;Brussel (19 gemeenten)
40;1150;Sint-Pieters-Woluwe;Brussel (19 gemeenten)
41;1160;Oudergem;Brussel (19 gemeenten)
42;1170;Watermaal-Bosvoorde;Brussel (19 gemeenten)
43;1180;Ukkel;Brussel (19 gemeenten)
44;1190;Vorst;Brussel (19 gemeenten)
45;1200;Sint-Lambrechts-Woluwe;Brussel (19 gemeenten)
46;1201;Rtl-Tvi -- Obsolete - Use 1033 Instead;
47;1210;Sint-Joost-Ten-Noode;Brussel (19 gemeenten)
48;1212;FOD Mobiliteit;
49;1300;Limal;Waals-Brabant
50;1300;Wavre;Waals-Brabant
51;1301;Bierges;Waals-Brabant
52;1310;La Hulpe;Waals-Brabant
53;1315;Glimes;Waals-Brabant
54;1315;Incourt;Waals-Brabant
55;1315;Opprebais;Waals-Brabant
56;1315;Piètrebais;Waals-Brabant
57;1315;Roux-Miroir;Waals-Brabant
58;1320;Beauvechain;Waals-Brabant
59;1320;Hamme-Mille;Waals-Brabant
60;1320;L'Ecluse;Waals-Brabant
61;1320;Nodebais;Waals-Brabant
62;1320;Tourinnes-La-Grosse;Waals-Brabant
63;1325;Bonlez;Waals-Brabant
64;1325;Chaumont-Gistoux;Waals-Brabant
65;1325;Corroy-Le-Grand;Waals-Brabant
66;1325;Dion-Valmont;Waals-Brabant
67;1325;Longueville;Waals-Brabant
68;1330;Rixensart;Waals-Brabant
69;1331;Rosières;Waals-Brabant
70;1332;Genval;Waals-Brabant
71;1340;Ottignies;Waals-Brabant
72;1341;Céroux-Mousty;Waals-Brabant
73;1342;Limelette;Waals-Brabant
74;1348;Louvain-La-Neuve;Waals-Brabant
75;1350;Enines;Waals-Brabant
76;1350;Folx-Les-Caves;Waals-Brabant
77;1350;Jandrain-Jandrenouille;Waals-Brabant
78;1350;Jauche;Waals-Brabant
79;1350;Marilles;Waals-Brabant
80;1350;Noduwez;Waals-Brabant
81;1350;Orp-Le-Grand;Waals-Brabant
82;1357;Linsmeau;Waals-Brabant
83;1357;Neerheylissem;Waals-Brabant
84;1357;Opheylissem;Waals-Brabant
85;1360;Malèves-Sainte-Marie-Wastines;Waals-Brabant
86;1360;Orbais;Waals-Brabant
87;1360;Perwez;Waals-Brabant
88;1360;Thorembais-Les-Béguines;Waals-Brabant
89;1360;Thorembais-Saint-Trond;Waals-Brabant
90;1367;Autre-Eglise;Waals-Brabant
91;1367;Bomal;Waals-Brabant
92;1367;Geest-Gérompont-Petit-Rosière;Waals-Brabant
93;1367;Gérompont;Waals-Brabant
94;1367;Grand-Rosière-Hottomont;Waals-Brabant
95;1367;Huppaye;Waals-Brabant
96;1367;Mont-Saint-André;Waals-Brabant
97;1367;Ramillies;Waals-Brabant
98;1370;Dongelberg;Waals-Brabant
99;1370;Jauchelette;Waals-Brabant
100;1370;Jodoigne;Waals-Brabant
101;1370;Jodoigne-Souveraine;Waals-Brabant
102;1370;Lathuy;Waals-Brabant
103;1370;Mélin;Waals-Brabant
104;1370;Piétrain;Waals-Brabant
105;1370;Saint-Jean-Geest;Waals-Brabant
106;1370;Saint-Remy-Geest;Waals-Brabant
107;1370;Zétrud-Lumay;Waals-Brabant
108;1380;Couture-Saint-Germain;Waals-Brabant
109;1380;Lasne-Chapelle-Saint-Lambert;Waals-Brabant
110;1380;Maransart;Waals-Brabant
111;1380;Ohain;Waals-Brabant
112;1380;Plancenoit;Waals-Brabant
113;1390;Archennes;Waals-Brabant
114;1390;Biez;Waals-Brabant
115;1390;Bossut-Gottechain;Waals-Brabant
116;1390;Grez-Doiceau;Waals-Brabant
117;1390;Nethen;Waals-Brabant
118;1400;Monstreux;Waals-Brabant
119;1400;Nivelles;Waals-Brabant
120;1401;Baulers;Waals-Brabant
121;1402;Thines;Waals-Brabant
122;1404;Bornival;Waals-Brabant
123;1410;Waterloo;Waals-Brabant
124;1414;Promo-Control;
125;1420;Braine-L'Alleud;Waals-Brabant
126;1421;Ophain-Bois-Seigneur-Isaac;Waals-Brabant
127;1428;Lillois-Witterzée;Waals-Brabant
128;1430;Bierghes;Waals-Brabant
129;1430;Quenast;Waals-Brabant
130;1430;Rebecq-Rognon;Waals-Brabant
131;1435;Corbais;Waals-Brabant
132;1435;Hévillers;Waals-Brabant
133;1435;Mont-Saint-Guibert;Waals-Brabant
134;1440;Braine-Le-Château;Waals-Brabant
135;1440;Wauthier-Braine;Waals-Brabant
136;1450;Chastre-Villeroux-Blanmont;Waals-Brabant
137;1450;Cortil-Noirmont;Waals-Brabant
138;1450;Gentinnes;Waals-Brabant
139;1450;Saint-Géry;Waals-Brabant
140;1457;Nil-Saint-Vincent-Saint-Martin;Waals-Brabant
141;1457;Tourinnes-Saint-Lambert;Waals-Brabant
142;1457;Walhain-Saint-Paul;Waals-Brabant
143;1460;Ittre;Waals-Brabant
144;1460;Virginal-Samme;Waals-Brabant
145;1461;Haut-Ittre;Waals-Brabant
146;1470;Baisy-Thy;Waals-Brabant
147;1470;Bousval;Waals-Brabant
148;1470;Genappe;Waals-Brabant
149;1471;Loupoigne;Waals-Brabant
150;1472;Vieux-Genappe;Waals-Brabant
151;1473;Glabais;Waals-Brabant
152;1474;Ways;Waals-Brabant
153;1476;Houtain-Le-Val;Waals-Brabant
154;1480;Clabecq;Waals-Brabant
155;1480;Oisquercq;Waals-Brabant
156;1480;Saintes;Waals-Brabant
157;1480;Tubize;Waals-Brabant
158;1490;Court-Saint-Etienne;Waals-Brabant
159;1495;Marbais;Waals-Brabant
160;1495;Mellery;Waals-Brabant
161;1495;Sart-Dames-Avelines;Waals-Brabant
162;1495;Tilly;Waals-Brabant
163;1495;Villers-La-Ville;Waals-Brabant
164;1500;Halle;Vlaams-Brabant
165;1501;Buizingen;Vlaams-Brabant
166;1502;Lembeek;Vlaams-Brabant
167;1540;Herfelingen;Vlaams-Brabant
168;1540;Herne;Vlaams-Brabant
169;1541;Sint-Pieters-Kapelle;Vlaams-Brabant
170;1547;Bever;Vlaams-Brabant
171;1560;Hoeilaart;Vlaams-Brabant
172;1570;Galmaarden;Vlaams-Brabant
173;1570;Tollembeek;Vlaams-Brabant
174;1570;Vollezele;Vlaams-Brabant
175;1600;Oudenaken;Vlaams-Brabant
176;1600;Sint-Laureins-Berchem;Vlaams-Brabant
177;1600;Sint-Pieters-Leeuw;Vlaams-Brabant
178;1601;Ruisbroek;Vlaams-Brabant
179;1602;Vlezenbeek;Vlaams-Brabant
180;1620;Drogenbos;Vlaams-Brabant
181;1630;Linkebeek;Vlaams-Brabant
182;1640;Sint-Genesius-Rode;Vlaams-Brabant
183;1650;Beersel;Vlaams-Brabant
184;1651;Lot;Vlaams-Brabant
185;1652;Alsemberg;Vlaams-Brabant
186;1653;Dworp;Vlaams-Brabant
187;1654;Huizingen;Vlaams-Brabant
188;1670;Bogaarden;Vlaams-Brabant
189;1670;Heikruis;Vlaams-Brabant
190;1670;Pepingen;Vlaams-Brabant
191;1671;Elingen;Vlaams-Brabant
192;1673;Beert;Vlaams-Brabant
193;1674;Bellingen;Vlaams-Brabant
194;1700;Dilbeek;Vlaams-Brabant
195;1700;Sint-Martens-Bodegem;Vlaams-Brabant
196;1700;Sint-Ulriks-Kapelle;Vlaams-Brabant
197;1701;Itterbeek;Vlaams-Brabant
198;1702;Groot-Bijgaarden;Vlaams-Brabant
199;1703;Schepdaal;Vlaams-Brabant
200;1730;Asse;Vlaams-Brabant
201;1730;Bekkerzeel;Vlaams-Brabant
202;1730;Kobbegem;Vlaams-Brabant
203;1730;Mollem;Vlaams-Brabant
204;1731;Relegem;Vlaams-Brabant
205;1731;Zellik;Vlaams-Brabant
206;1733;Highco Data;
207;1740;Ternat;Vlaams-Brabant
208;1741;Wambeek;Vlaams-Brabant
209;1742;Sint-Katherina-Lombeek;Vlaams-Brabant
210;1745;Mazenzele;Vlaams-Brabant
211;1745;Opwijk;Vlaams-Brabant
212;1750;Gaasbeek;Vlaams-Brabant
213;1750;Sint-Kwintens-Lennik;Vlaams-Brabant
214;1750;Sint-Martens-Lennik;Vlaams-Brabant
215;1755;Gooik;Vlaams-Brabant
216;1755;Kester;Vlaams-Brabant
217;1755;Leerbeek;Vlaams-Brabant
218;1755;Oetingen;Vlaams-Brabant
219;1760;Onze-Lieve-Vrouw-Lombeek;Vlaams-Brabant
220;1760;Pamel;Vlaams-Brabant
221;1760;Roosdaal;Vlaams-Brabant
222;1760;Strijtem;Vlaams-Brabant
223;1761;Borchtlombeek;Vlaams-Brabant
224;1770;Liedekerke;Vlaams-Brabant
225;1780;Wemmel;Vlaams-Brabant
226;1785;Brussegem;Vlaams-Brabant
227;1785;Hamme;Vlaams-Brabant
228;1785;Merchtem;Vlaams-Brabant
229;1790;Affligem;Vlaams-Brabant
230;1790;Essene;Vlaams-Brabant
231;1790;Hekelgem;Vlaams-Brabant
232;1790;Teralfene;Vlaams-Brabant
233;1800;Peutie;Vlaams-Brabant
234;1800;Vilvoorde;Vlaams-Brabant
235;1804;Cargovil;
236;1818;Vtm;
237;1820;Melsbroek;Vlaams-Brabant
238;1820;Perk;Vlaams-Brabant
239;1820;Steenokkerzeel;Vlaams-Brabant
240;1830;Machelen;Vlaams-Brabant
241;1831;Diegem;Vlaams-Brabant
242;1840;Londerzeel;Vlaams-Brabant
243;1840;Malderen;Vlaams-Brabant
244;1840;Steenhuffel;Vlaams-Brabant
245;1850;Grimbergen;Vlaams-Brabant
246;1851;Humbeek;Vlaams-Brabant
247;1852;Beigem;Vlaams-Brabant
248;1853;Strombeek-Bever;Vlaams-Brabant
249;1860;Meise;Vlaams-Brabant
250;1861;Wolvertem;Vlaams-Brabant
251;1880;Kapelle-Op-Den-Bos;Vlaams-Brabant
252;1880;Nieuwenrode;Vlaams-Brabant
253;1880;Ramsdonk;Vlaams-Brabant
254;1910;Berg;Vlaams-Brabant
255;1910;Buken;Vlaams-Brabant
256;1910;Kampenhout;Vlaams-Brabant
257;1910;Nederokkerzeel;Vlaams-Brabant
258;1930;Nossegem;Vlaams-Brabant
259;1930;Zaventem;Vlaams-Brabant
260;1931;Brucargo;
261;1932;Sint-Stevens-Woluwe;Vlaams-Brabant
262;1933;Sterrebeek;Vlaams-Brabant
263;1934;Office Exchange Brussels Airport Remailing;
264;1935;Corporate Village;
265;1950;Kraainem;Vlaams-Brabant
266;1970;Wezembeek-Oppem;Vlaams-Brabant
267;1980;Eppegem;Vlaams-Brabant
268;1980;Zemst;Vlaams-Brabant
269;1981;Hofstade;Vlaams-Brabant
270;1982;Elewijt;Vlaams-Brabant
271;1982;Weerde;Vlaams-Brabant
272;2000;Antwerpen;Antwerpen
273;2018;Antwerpen;Antwerpen
274;2020;Antwerpen;Antwerpen
275;2030;Antwerpen;Antwerpen
276;2040;Antwerpen;Antwerpen
277;2040;Berendrecht;Antwerpen
278;2040;Lillo;Antwerpen
279;2040;Zandvliet;Antwerpen
280;2050;Antwerpen;Antwerpen
281;2060;Antwerpen;Antwerpen
282;2070;Burcht;Antwerpen
283;2070;Zwijndrecht;Antwerpen
284;2099;Antwerpen X;
285;2100;Deurne;Antwerpen
286;2110;Wijnegem;Antwerpen
287;2140;Borgerhout;Antwerpen
288;2150;Borsbeek;Antwerpen
289;2160;Wommelgem;Antwerpen
290;2170;Merksem;Antwerpen
291;2180;Ekeren;Antwerpen
292;2200;Herentals;Antwerpen
293;2200;Morkhoven;Antwerpen
294;2200;Noorderwijk;Antwerpen
295;2220;Hallaar;Antwerpen
296;2220;Heist-Op-Den-Berg;Antwerpen
297;2221;Booischot;Antwerpen
298;2222;Itegem;Antwerpen
299;2222;Wiekevorst;Antwerpen
300;2223;Schriek;Antwerpen
301;2230;Herselt;Antwerpen
302;2230;Ramsel;Antwerpen
303;2235;Houtvenne;Antwerpen
304;2235;Hulshout;Antwerpen
305;2235;Westmeerbeek;Antwerpen
306;2240;Massenhoven;Antwerpen
307;2240;Viersel;Antwerpen
308;2240;Zandhoven;Antwerpen
309;2242;Pulderbos;Antwerpen
310;2243;Pulle;Antwerpen
311;2250;Olen;Antwerpen
312;2260;Oevel;Antwerpen
313;2260;Tongerlo;Antwerpen
314;2260;Westerlo;Antwerpen
315;2260;Zoerle-Parwijs;Antwerpen
316;2270;Herenthout;Antwerpen
317;2275;Gierle;Antwerpen
318;2275;Lille;Antwerpen
319;2275;Poederlee;Antwerpen
320;2275;Wechelderzande;Antwerpen
321;2280;Grobbendonk;Antwerpen
322;2288;Bouwel;Antwerpen
323;2290;Vorselaar;Antwerpen
324;2300;Turnhout;Antwerpen
325;2310;Rijkevorsel;Antwerpen
326;2320;Hoogstraten;Antwerpen
327;2321;Meer;Antwerpen
328;2322;Minderhout;Antwerpen
329;2323;Wortel;Antwerpen
330;2328;Meerle;Antwerpen
331;2330;Merksplas;Antwerpen
332;2340;Beerse;Antwerpen
333;2340;Vlimmeren;Antwerpen
334;2350;Vosselaar;Antwerpen
335;2360;Oud-Turnhout;Antwerpen
336;2370;Arendonk;Antwerpen
337;2380;Ravels;Antwerpen
338;2381;Weelde;Antwerpen
339;2382;Poppel;Antwerpen
340;2387;Baarle-Hertog;Antwerpen
341;2390;Malle;Antwerpen
342;2390;Oostmalle;Antwerpen
343;2390;Westmalle;Antwerpen
344;2400;Mol;Antwerpen
345;2430;Eindhout;Antwerpen
346;2430;Vorst;Antwerpen
347;2431;Varendonk;Antwerpen
348;2431;Veerle;Antwerpen
349;2440;Geel;Antwerpen
350;2450;Meerhout;Antwerpen
351;2460;Kasterlee;Antwerpen
352;2460;Lichtaart;Antwerpen
353;2460;Tielen;Antwerpen
354;2470;Retie;Antwerpen
355;2480;Dessel;Antwerpen
356;2490;Balen;Antwerpen
357;2491;Olmen;Antwerpen
358;2500;Koningshooikt;Antwerpen
359;2500;Lier;Antwerpen
360;2520;Broechem;Antwerpen
361;2520;Emblem;Antwerpen
362;2520;Oelegem;Antwerpen
363;2520;Ranst;Antwerpen
364;2530;Boechout;Antwerpen
365;2531;Vremde;Antwerpen
366;2540;Hove;Antwerpen
367;2547;Lint;Antwerpen
368;2550;Kontich;Antwerpen
369;2550;Waarloos;Antwerpen
370;2560;Bevel;Antwerpen
371;2560;Kessel;Antwerpen
372;2560;Nijlen;Antwerpen
373;2570;Duffel;Antwerpen
374;2580;Beerzel;Antwerpen
375;2580;Putte;Antwerpen
376;2590;Berlaar;Antwerpen
377;2590;Gestel;Antwerpen
378;2600;Berchem;Antwerpen
379;2610;Wilrijk;Antwerpen
380;2620;Hemiksem;Antwerpen
381;2627;Schelle;Antwerpen
382;2630;Aartselaar;Antwerpen
383;2640;Mortsel;Antwerpen
384;2650;Edegem;Antwerpen
385;2660;Hoboken;Antwerpen
386;2800;Mechelen;Antwerpen
387;2800;Walem;Antwerpen
388;2801;Heffen;Antwerpen
389;2811;Hombeek;Antwerpen
390;2811;Leest;Antwerpen
391;2812;Muizen;Antwerpen
392;2820;Bonheiden;Antwerpen
393;2820;Rijmenam;Antwerpen
394;2830;Blaasveld;Antwerpen
395;2830;Heindonk;Antwerpen
396;2830;Tisselt;Antwerpen
397;2830;Willebroek;Antwerpen
398;2840;Reet;Antwerpen
399;2840;Rumst;Antwerpen
400;2840;Terhagen;Antwerpen
401;2845;Niel;Antwerpen
402;2850;Boom;Antwerpen
403;2860;Sint-Katelijne-Waver;Antwerpen
404;2861;Onze-Lieve-Vrouw-Waver;Antwerpen
405;2870;Breendonk;Antwerpen
406;2870;Liezele;Antwerpen
407;2870;Puurs;Antwerpen
408;2870;Ruisbroek;Antwerpen
409;2880;Bornem;Antwerpen
410;2880;Hingene;Antwerpen
411;2880;Mariekerke;Antwerpen
412;2880;Weert;Antwerpen
413;2890;Lippelo;Antwerpen
414;2890;Oppuurs;Antwerpen
415;2890;Sint-Amands;Antwerpen
416;2900;Schoten;Antwerpen
417;2910;Essen;Antwerpen
418;2920;Kalmthout;Antwerpen
419;2930;Brasschaat;Antwerpen
420;2940;Hoevenen;Antwerpen
421;2940;Stabroek;Antwerpen
422;2950;Kapellen;Antwerpen
423;2960;Brecht;Antwerpen
424;2960;Sint-Job-In-'T-Goor;Antwerpen
425;2960;Sint-Lenaarts;Antwerpen
426;2970;'S Gravenwezel;Antwerpen
427;2970;Schilde;Antwerpen
428;2980;Halle;Antwerpen
429;2980;Zoersel;Antwerpen
430;2990;Loenhout;Antwerpen
431;2990;Wuustwezel;Antwerpen
432;3000;Leuven;Vlaams-Brabant
433;3001;Heverlee;Vlaams-Brabant
434;3010;Kessel Lo;Vlaams-Brabant
435;3012;Wilsele;Vlaams-Brabant
436;3018;Wijgmaal;Vlaams-Brabant
437;3020;Herent;Vlaams-Brabant
438;3020;Veltem-Beisem;Vlaams-Brabant
439;3020;Winksele;Vlaams-Brabant
440;3040;Huldenberg;Vlaams-Brabant
441;3040;Loonbeek;Vlaams-Brabant
442;3040;Neerijse;Vlaams-Brabant
443;3040;Ottenburg;Vlaams-Brabant
444;3040;Sint-Agatha-Rode;Vlaams-Brabant
445;3050;Oud-Heverlee;Vlaams-Brabant
446;3051;Sint-Joris-Weert;Vlaams-Brabant
447;3052;Blanden;Vlaams-Brabant
448;3053;Haasrode;Vlaams-Brabant
449;3054;Vaalbeek;Vlaams-Brabant
450;3060;Bertem;Vlaams-Brabant
451;3060;Korbeek-Dijle;Vlaams-Brabant
452;3061;Leefdaal;Vlaams-Brabant
453;3070;Kortenberg;Vlaams-Brabant
454;3071;Erps-Kwerps;Vlaams-Brabant
455;3078;Everberg;Vlaams-Brabant
456;3078;Meerbeek;Vlaams-Brabant
457;3080;Duisburg;Vlaams-Brabant
458;3080;Tervuren;Vlaams-Brabant
459;3080;Vossem;Vlaams-Brabant
460;3090;Overijse;Vlaams-Brabant
461;3110;Rotselaar;Vlaams-Brabant
462;3111;Wezemaal;Vlaams-Brabant
463;3118;Werchter;Vlaams-Brabant
464;3120;Tremelo;Vlaams-Brabant
465;3128;Baal;Vlaams-Brabant
466;3130;Begijnendijk;Vlaams-Brabant
467;3130;Betekom;Vlaams-Brabant
468;3140;Keerbergen;Vlaams-Brabant
469;3150;Haacht;Vlaams-Brabant
470;3150;Tildonk;Vlaams-Brabant
471;3150;Wespelaar;Vlaams-Brabant
472;3190;Boortmeerbeek;Vlaams-Brabant
473;3191;Hever;Vlaams-Brabant
474;3200;Aarschot;Vlaams-Brabant
475;3200;Gelrode;Vlaams-Brabant
476;3201;Langdorp;Vlaams-Brabant
477;3202;Rillaar;Vlaams-Brabant
478;3210;Linden;Vlaams-Brabant
479;3210;Lubbeek;Vlaams-Brabant
480;3211;Binkom;Vlaams-Brabant
481;3212;Pellenberg;Vlaams-Brabant
482;3220;Holsbeek;Vlaams-Brabant
483;3220;Kortrijk-Dutsel;Vlaams-Brabant
484;3220;Sint-Pieters-Rode;Vlaams-Brabant
485;3221;Nieuwrode;Vlaams-Brabant
486;3270;Scherpenheuvel;Vlaams-Brabant
487;3271;Averbode;Vlaams-Brabant
488;3271;Zichem;Vlaams-Brabant
489;3272;Messelbroek;Vlaams-Brabant
490;3272;Testelt;Vlaams-Brabant
491;3290;Deurne;Vlaams-Brabant
492;3290;Diest;Vlaams-Brabant
493;3290;Schaffen;Vlaams-Brabant
494;3290;Webbekom;Vlaams-Brabant
495;3293;Kaggevinne;Vlaams-Brabant
496;3294;Molenstede;Vlaams-Brabant
497;3300;Bost;Vlaams-Brabant
498;3300;Goetsenhoven;Vlaams-Brabant
499;3300;Hakendover;Vlaams-Brabant
500;3300;Kumtich;Vlaams-Brabant
501;3300;Oorbeek;Vlaams-Brabant
502;3300;Oplinter;Vlaams-Brabant
503;3300;Sint-Margriete-Houtem;Vlaams-Brabant
504;3300;Tienen;Vlaams-Brabant
505;3300;Vissenaken;Vlaams-Brabant
506;3320;Hoegaarden;Vlaams-Brabant
507;3320;Meldert;Vlaams-Brabant
508;3321;Outgaarden;Vlaams-Brabant
509;3350;Drieslinter;Vlaams-Brabant
510;3350;Linter;Vlaams-Brabant
511;3350;Melkwezer;Vlaams-Brabant
512;3350;Neerhespen;Vlaams-Brabant
513;3350;Neerlinter;Vlaams-Brabant
514;3350;Orsmaal-Gussenhoven;Vlaams-Brabant
515;3350;Overhespen;Vlaams-Brabant
516;3350;Wommersom;Vlaams-Brabant
517;3360;Bierbeek;Vlaams-Brabant
518;3360;Korbeek-Lo;Vlaams-Brabant
519;3360;Lovenjoel;Vlaams-Brabant
520;3360;Opvelp;Vlaams-Brabant
521;3370;Boutersem;Vlaams-Brabant
522;3370;Kerkom;Vlaams-Brabant
523;3370;Neervelp;Vlaams-Brabant
524;3370;Roosbeek;Vlaams-Brabant
525;3370;Vertrijk;Vlaams-Brabant
526;3370;Willebringen;Vlaams-Brabant
527;3380;Bunsbeek;Vlaams-Brabant
528;3380;Glabbeek;Vlaams-Brabant
529;3381;Kapellen;Vlaams-Brabant
530;3384;Attenrode;Vlaams-Brabant
531;3390;Houwaart;Vlaams-Brabant
532;3390;Sint-Joris-Winge;Vlaams-Brabant
533;3390;Tielt;Vlaams-Brabant
534;3391;Meensel-Kiezegem;Vlaams-Brabant
535;3400;Eliksem;Vlaams-Brabant
536;3400;Ezemaal;Vlaams-Brabant
537;3400;Laar;Vlaams-Brabant
538;3400;Landen;Vlaams-Brabant
539;3400;Neerwinden;Vlaams-Brabant
540;3400;Overwinden;Vlaams-Brabant
541;3400;Rumsdorp;Vlaams-Brabant
542;3400;Wange;Vlaams-Brabant
543;3401;Waasmont;Vlaams-Brabant
544;3401;Walsbets;Vlaams-Brabant
545;3401;Walshoutem;Vlaams-Brabant
546;3401;Wezeren;Vlaams-Brabant
547;3404;Attenhoven;Vlaams-Brabant
548;3404;Neerlanden;Vlaams-Brabant
549;3440;Budingen;Vlaams-Brabant
550;3440;Dormaal;Vlaams-Brabant
551;3440;Halle-Booienhoven;Vlaams-Brabant
552;3440;Helen-Bos;Vlaams-Brabant
553;3440;Zoutleeuw;Vlaams-Brabant
554;3450;Geetbets;Vlaams-Brabant
555;3450;Grazen;Vlaams-Brabant
556;3454;Rummen;Vlaams-Brabant
557;3460;Assent;Vlaams-Brabant
558;3460;Bekkevoort;Vlaams-Brabant
559;3461;Molenbeek-Wersbeek;Vlaams-Brabant
560;3470;Kortenaken;Vlaams-Brabant
561;3470;Ransberg;Vlaams-Brabant
562;3470;Sint-Margriete-Houtem;Vlaams-Brabant
563;3471;Hoeleden;Vlaams-Brabant
564;3472;Kersbeek-Miskom;Vlaams-Brabant
565;3473;Waanrode;Vlaams-Brabant
566;3500;Hasselt;Limburg
567;3500;Sint-Lambrechts-Herk;Limburg
568;3501;Wimmertingen;Limburg
569;3510;Kermt;Limburg
570;3510;Spalbeek;Limburg
571;3511;Kuringen;Limburg
572;3511;Stokrooie;Limburg
573;3512;Stevoort;Limburg
574;3520;Zonhoven;Limburg
575;3530;Helchteren;Limburg
576;3530;Houthalen;Limburg
577;3540;Berbroek;Limburg
578;3540;Donk;Limburg
579;3540;Herk-De-Stad;Limburg
580;3540;Schulen;Limburg
581;3545;Halen;Limburg
582;3545;Loksbergen;Limburg
583;3545;Zelem;Limburg
584;3550;Heusden;Limburg
585;3550;Heusden-Zolder;Limburg
586;3550;Zolder;Limburg
587;3560;Linkhout;Limburg
588;3560;Lummen;Limburg
589;3560;Meldert;Limburg
590;3570;Alken;Limburg
591;3580;Beringen;Limburg
592;3581;Beverlo;Limburg
593;3582;Koersel;Limburg
594;3583;Paal;Limburg
595;3590;Diepenbeek;Limburg
596;3600;Genk;Limburg
597;3620;Gellik;Limburg
598;3620;Lanaken;Limburg
599;3620;Neerharen;Limburg
600;3620;Veldwezelt;Limburg
601;3621;Rekem;Limburg
602;3630;Eisden;Limburg
603;3630;Leut;Limburg
604;3630;Maasmechelen;Limburg
605;3630;Mechelen-Aan-De-Maas;Limburg
606;3630;Meeswijk;Limburg
607;3630;Opgrimbie;Limburg
608;3630;Vucht;Limburg
609;3631;Boorsem;Limburg
610;3631;Uikhoven;Limburg
611;3640;Kessenich;Limburg
612;3640;Kinrooi;Limburg
613;3640;Molenbeersel;Limburg
614;3640;Ophoven;Limburg
615;3650;Dilsen;Limburg
616;3650;Dilsen-Stokkem;Limburg
617;3650;Elen;Limburg
618;3650;Lanklaar;Limburg
619;3650;Rotem;Limburg
620;3650;Stokkem;Limburg
621;3660;Opglabbeek;Limburg
622;3665;As;Limburg
623;3668;Niel-Bij-As;Limburg
624;3670;Ellikom;Limburg
625;3670;Gruitrode;Limburg
626;3670;Meeuwen;Limburg
627;3670;Neerglabbeek;Limburg
628;3670;Wijshagen;Limburg
629;3680;Maaseik;Limburg
630;3680;Neeroeteren;Limburg
631;3680;Opoeteren;Limburg
632;3690;Zutendaal;Limburg
633;3700;'S Herenelderen;Limburg
634;3700;Berg;Limburg
635;3700;Diets-Heur;Limburg
636;3700;Haren;Limburg
637;3700;Henis;Limburg
638;3700;Kolmont;Limburg
639;3700;Koninksem;Limburg
640;3700;Lauw;Limburg
641;3700;Mal;Limburg
642;3700;Neerrepen;Limburg
643;3700;Nerem;Limburg
644;3700;Overrepen;Limburg
645;3700;Piringen;Limburg
646;3700;Riksingen;Limburg
647;3700;Rutten;Limburg
648;3700;Sluizen;Limburg
649;3700;Tongeren;Limburg
650;3700;Vreren;Limburg
651;3700;Widooie;Limburg
652;3717;Herstappe;Limburg
653;3720;Kortessem;Limburg
654;3721;Vliermaalroot;Limburg
655;3722;Wintershoven;Limburg
656;3723;Guigoven;Limburg
657;3724;Vliermaal;Limburg
658;3730;Hoeselt;Limburg
659;3730;Romershoven;Limburg
660;3730;Sint-Huibrechts-Hern;Limburg
661;3730;Werm;Limburg
662;3732;Schalkhoven;Limburg
663;3740;Beverst;Limburg
664;3740;Bilzen;Limburg
665;3740;Eigenbilzen;Limburg
666;3740;Grote-Spouwen;Limburg
667;3740;Hees;Limburg
668;3740;Kleine-Spouwen;Limburg
669;3740;Mopertingen;Limburg
670;3740;Munsterbilzen;Limburg
671;3740;Rijkhoven;Limburg
672;3740;Rosmeer;Limburg
673;3740;Waltwilder;Limburg
674;3742;Martenslinde;Limburg
675;3746;Hoelbeek;Limburg
676;3770;Genoelselderen;Limburg
677;3770;Herderen;Limburg
678;3770;Kanne;Limburg
679;3770;Membruggen;Limburg
680;3770;Millen;Limburg
681;3770;Riemst;Limburg
682;3770;Val-Meer;Limburg
683;3770;Vlijtingen;Limburg
684;3770;Vroenhoven;Limburg
685;3770;Zichen-Zussen-Bolder;Limburg
686;3790;Moelingen;Limburg
687;3790;Sint-Martens-Voeren;Limburg
688;3791;Remersdaal;Limburg
689;3792;Sint-Pieters-Voeren;Limburg
690;3793;Teuven;Limburg
691;3798;S Gravenvoeren;Limburg
692;3800;Aalst;Limburg
693;3800;Brustem;Limburg
694;3800;Engelmanshoven;Limburg
695;3800;Gelinden;Limburg
696;3800;Groot-Gelmen;Limburg
697;3800;Halmaal;Limburg
698;3800;Kerkom-Bij-Sint-Truiden;Limburg
699;3800;Ordingen;Limburg
700;3800;Sint-Truiden;Limburg
701;3800;Zepperen;Limburg
702;3803;Duras;Limburg
703;3803;Gorsem;Limburg
704;3803;Runkelen;Limburg
705;3803;Wilderen;Limburg
706;3806;Velm;Limburg
707;3830;Berlingen;Limburg
708;3830;Wellen;Limburg
709;3831;Herten;Limburg
710;3832;Ulbeek;Limburg
711;3840;Bommershoven;Limburg
712;3840;Borgloon;Limburg
713;3840;Broekom;Limburg
714;3840;Gors-Opleeuw;Limburg
715;3840;Gotem;Limburg
716;3840;Groot-Loon;Limburg
717;3840;Haren;Limburg
718;3840;Hendrieken;Limburg
719;3840;Hoepertingen;Limburg
720;3840;Jesseren;Limburg
721;3840;Kerniel;Limburg
722;3840;Kolmont;Limburg
723;3840;Kuttekoven;Limburg
724;3840;Rijkel;Limburg
725;3840;Voort;Limburg
726;3850;Binderveld;Limburg
727;3850;Kozen;Limburg
728;3850;Nieuwerkerken;Limburg
729;3850;Wijer;Limburg
730;3870;Batsheers;Limburg
731;3870;Bovelingen;Limburg
732;3870;Gutshoven;Limburg
733;3870;Heers;Limburg
734;3870;Heks;Limburg
735;3870;Horpmaal;Limburg
736;3870;Klein-Gelmen;Limburg
737;3870;Mechelen-Bovelingen;Limburg
738;3870;Mettekoven;Limburg
739;3870;Opheers;Limburg
740;3870;Rukkelingen-Loon;Limburg
741;3870;Vechmaal;Limburg
742;3870;Veulen;Limburg
743;3890;Boekhout;Limburg
744;3890;Gingelom;Limburg
745;3890;Jeuk;Limburg
746;3890;Kortijs;Limburg
747;3890;Montenaken;Limburg
748;3890;Niel-Bij-Sint-Truiden;Limburg
749;3890;Vorsen;Limburg
750;3891;Borlo;Limburg
751;3891;Buvingen;Limburg
752;3891;Mielen-Boven-Aalst;Limburg
753;3891;Muizen;Limburg
754;3900;Overpelt;Limburg
755;3910;Neerpelt;Limburg
756;3910;Sint-Huibrechts-Lille;Limburg
757;3920;Lommel;Limburg
758;3930;Achel;Limburg
759;3930;Hamont;Limburg
760;3940;Hechtel;Limburg
761;3941;Eksel;Limburg
762;3945;Kwaadmechelen;Limburg
763;3945;Oostham;Limburg
764;3950;Bocholt;Limburg
765;3950;Kaulille;Limburg
766;3950;Reppel;Limburg
767;3960;Beek;Limburg
768;3960;Bree;Limburg
769;3960;Gerdingen;Limburg
770;3960;Opitter;Limburg
771;3960;Tongerlo;Limburg
772;3970;Leopoldsburg;Limburg
773;3971;Heppen;Limburg
774;3980;Tessenderlo;Limburg
775;3990;Grote-Brogel;Limburg
776;3990;Kleine-Brogel;Limburg
777;3990;Peer;Limburg
778;3990;Wijchmaal;Limburg
779;4000;Glain;Luik
780;4000;Liège;Luik
781;4000;Rocourt;Luik
782;4020;Bressoux;Luik
783;4020;Jupille-Sur-Meuse;Luik
784;4020;Liège;Luik
785;4020;Wandre;Luik
786;4030;Grivegnee;Luik
787;4031;Angleur;Luik
788;4032;Chênee;Luik
789;4040;Herstal;Luik
790;4041;Milmort;Luik
791;4041;Vottem;Luik
792;4042;Liers;Luik
793;4050;Chaudfontaine;Luik
794;4051;Vaux-Sous-Chèvremont;Luik
795;4052;Beaufays;Luik
796;4053;Embourg;Luik
797;4099;Liège X;
798;4100;Boncelles;Luik
799;4100;Seraing;Luik
800;4101;Jemeppe-Sur-Meuse;Luik
801;4102;Ougrée;Luik
802;4120;Ehein;Luik
803;4120;Rotheux-Rimière;Luik
804;4121;Neuville-En-Condroz;Luik
805;4122;Plainevaux;Luik
806;4130;Esneux;Luik
807;4130;Tilff;Luik
808;4140;Dolembreux;Luik
809;4140;Gomzé-Andoumont;Luik
810;4140;Rouvreux;Luik
811;4140;Sprimont;Luik
812;4141;Louveigné;Luik
813;4160;Anthisnes;Luik
814;4161;Villers-Aux-Tours;Luik
815;4162;Hody;Luik
816;4163;Tavier;Luik
817;4170;Comblain-Au-Pont;Luik
818;4171;Poulseur;Luik
819;4180;Comblain-Fairon;Luik
820;4180;Comblain-La-Tour;Luik
821;4180;Hamoir;Luik
822;4181;Filot;Luik
823;4190;Ferrières;Luik
824;4190;My;Luik
825;4190;Vieuxville;Luik
826;4190;Werbomont;Luik
827;4190;Xhoris;Luik
828;4210;Burdinne;Luik
829;4210;Hannêche;Luik
830;4210;Lamontzée;Luik
831;4210;Marneffe;Luik
832;4210;Oteppe;Luik
833;4217;Héron;Luik
834;4217;Lavoir;Luik
835;4217;Waret-L'Evêque;Luik
836;4218;Couthuin;Luik
837;4219;Acosse;Luik
838;4219;Ambresin;Luik
839;4219;Meeffe;Luik
840;4219;Wasseiges;Luik
841;4250;Boëlhe;Luik
842;4250;Geer;Luik
843;4250;Hollogne-Sur-Geer;Luik
844;4250;Lens-Saint-Servais;Luik
845;4252;Omal;Luik
846;4253;Darion;Luik
847;4254;Ligney;Luik
848;4257;Berloz;Luik
849;4257;Corswarem;Luik
850;4257;Rosoux-Crenwick;Luik
851;4260;Avennes;Luik
852;4260;Braives;Luik
853;4260;Ciplet;Luik
854;4260;Fallais;Luik
855;4260;Fumal;Luik
856;4260;Ville-En-Hesbaye;Luik
857;4261;Latinne;Luik
858;4263;Tourinne;Luik
859;4280;Abolens;Luik
860;4280;Avernas-Le-Bauduin;Luik
861;4280;Avin;Luik
862;4280;Bertrée;Luik
863;4280;Blehen;Luik
864;4280;Cras-Avernas;Luik
865;4280;Crehen;Luik
866;4280;Grand-Hallet;Luik
867;4280;Hannut;Luik
868;4280;Lens-Saint-Remy;Luik
869;4280;Merdorp;Luik
870;4280;Moxhe;Luik
871;4280;Petit-Hallet;Luik
872;4280;Poucet;Luik
873;4280;Thisnes;Luik
874;4280;Trognée;Luik
875;4280;Villers-Le-Peuplier;Luik
876;4280;Wansin;Luik
877;4287;Lincent;Luik
878;4287;Pellaines;Luik
879;4287;Racour;Luik
880;4300;Bettincourt;Luik
881;4300;Bleret;Luik
882;4300;Bovenistier;Luik
883;4300;Grand-Axhe;Luik
884;4300;Lantremange;Luik
885;4300;Oleye;Luik
886;4300;Waremme;Luik
887;4317;Aineffe;Luik
888;4317;Borlez;Luik
889;4317;Celles;Luik
890;4317;Faimes;Luik
891;4317;Les Waleffes;Luik
892;4317;Viemme;Luik
893;4340;Awans;Luik
894;4340;Fooz;Luik
895;4340;Othée;Luik
896;4340;Villers-L'Evêque;Luik
897;4342;Hognoul;Luik
898;4347;Fexhe-Le-Haut-Clocher;Luik
899;4347;Freloux;Luik
900;4347;Noville;Luik
901;4347;Roloux;Luik
902;4347;Voroux-Goreux;Luik
903;4350;Lamine;Luik
904;4350;Momalle;Luik
905;4350;Pousset;Luik
906;4350;Remicourt;Luik
907;4351;Hodeige;Luik
908;4357;Donceel;Luik
909;4357;Haneffe;Luik
910;4357;Jeneffe;Luik
911;4357;Limont;Luik
912;4360;Bergilers;Luik
913;4360;Grandville;Luik
914;4360;Lens-Sur-Geer;Luik
915;4360;Oreye;Luik
916;4360;Otrange;Luik
917;4367;Crisnée;Luik
918;4367;Fize-Le-Marsal;Luik
919;4367;Kemexhe;Luik
920;4367;Odeur;Luik
921;4367;Thys;Luik
922;4400;Awirs;Luik
923;4400;Chokier;Luik
924;4400;Flémalle-Grande;Luik
925;4400;Flémalle-Haute;Luik
926;4400;Gleixhe;Luik
927;4400;Ivoz-Ramet;Luik
928;4400;Mons-Lez-Liège;Luik
929;4420;Montegnée;Luik
930;4420;Saint-Nicolas;Luik
931;4420;Tilleur;Luik
932;4430;Ans;Luik
933;4431;Loncin;Luik
934;4432;Alleur;Luik
935;4432;Xhendremael;Luik
936;4450;Juprelle;Luik
937;4450;Lantin;Luik
938;4450;Slins;Luik
939;4451;Voroux-Lez-Liers;Luik
940;4452;Paifve;Luik
941;4452;Wihogne;Luik
942;4453;Villers-Saint-Siméon;Luik
943;4458;Fexhe-Slins;Luik
944;4460;Bierset;Luik
945;4460;Grâce-Berleur;Luik
946;4460;Grâce-Hollogne;Luik
947;4460;Hollogne-Aux-Pierres;Luik
948;4460;Horion-Hozémont;Luik
949;4460;Velroux;Luik
950;4470;Saint-Georges-Sur-Meuse;Luik
951;4480;Clermont-Sous-Huy;Luik
952;4480;Ehein;Luik
953;4480;Engis;Luik
954;4480;Hermalle-Sous-Huy;Luik
955;4500;Ben-Ahin;Luik
956;4500;Huy;Luik
957;4500;Tihange;Luik
958;4520;Antheit;Luik
959;4520;Bas-Oha;Luik
960;4520;Huccorgne;Luik
961;4520;Moha;Luik
962;4520;Vinalmont;Luik
963;4520;Wanze;Luik
964;4530;Fize-Fontaine;Luik
965;4530;Vaux-Et-Borset;Luik
966;4530;Vieux-Waleffe;Luik
967;4530;Villers-Le-Bouillet;Luik
968;4530;Warnant-Dreye;Luik
969;4537;Bodegnée;Luik
970;4537;Chapon-Seraing;Luik
971;4537;Seraing-Le-Château;Luik
972;4537;Verlaine;Luik
973;4540;Amay;Luik
974;4540;Ampsin;Luik
975;4540;Flône;Luik
976;4540;Jehay;Luik
977;4540;Ombret;Luik
978;4550;Nandrin;Luik
979;4550;Saint-Séverin;Luik
980;4550;Villers-Le-Temple;Luik
981;4550;Yernée-Fraineux;Luik
982;4557;Abée;Luik
983;4557;Fraiture;Luik
984;4557;Ramelot;Luik
985;4557;Seny;Luik
986;4557;Soheit-Tinlot;Luik
987;4557;Tinlot;Luik
988;4560;Bois-Et-Borsu;Luik
989;4560;Clavier;Luik
990;4560;Les Avins;Luik
991;4560;Ocquier;Luik
992;4560;Pailhe;Luik
993;4560;Terwagne;Luik
994;4570;Marchin;Luik
995;4570;Vyle-Et-Tharoul;Luik
996;4577;Modave;Luik
997;4577;Outrelouxhe;Luik
998;4577;Strée-Lez-Huy;Luik
999;4577;Vierset-Barse;Luik
1000;4590;Ellemelle;Luik
1001;4590;Ouffet;Luik
1002;4590;Warzée;Luik
1003;4600;Lanaye;Luik
1004;4600;Lixhe;Luik
1005;4600;Richelle;Luik
1006;4600;Visé;Luik
1007;4601;Argenteau;Luik
1008;4602;Cheratte;Luik
1009;4606;Saint-André;Luik
1010;4607;Berneau;Luik
1011;4607;Bombaye;Luik
1012;4607;Dalhem;Luik
1013;4607;Feneur;Luik
1014;4607;Mortroux;Luik
1015;4608;Neufchâteau;Luik
1016;4608;Warsage;Luik
1017;4610;Bellaire;Luik
1018;4610;Beyne-Heusay;Luik
1019;4610;Queue-Du-Bois;Luik
1020;4620;Fléron;Luik
1021;4621;Retinne;Luik
1022;4623;Magnée;Luik
1023;4624;Romsée;Luik
1024;4630;Ayeneux;Luik
1025;4630;Micheroux;Luik
1026;4630;Soumagne;Luik
1027;4630;Tignée;Luik
1028;4631;Evegnée;Luik
1029;4632;Cérexhe-Heuseux;Luik
1030;4633;Melen;Luik
1031;4650;Chaineux;Luik
1032;4650;Grand-Rechain;Luik
1033;4650;Herve;Luik
1034;4650;Julémont;Luik
1035;4651;Battice;Luik
1036;4652;Xhendelesse;Luik
1037;4653;Bolland;Luik
1038;4654;Charneux;Luik
1039;4670;Blégny;Luik
1040;4670;Mortier;Luik
1041;4670;Trembleur;Luik
1042;4671;Barchon;Luik
1043;4671;Housse;Luik
1044;4671;Saive;Luik
1045;4672;Saint-Remy;Luik
1046;4680;Hermée;Luik
1047;4680;Oupeye;Luik
1048;4681;Hermalle-Sous-Argenteau;Luik
1049;4682;Heure-Le-Romain;Luik
1050;4682;Houtain-Saint-Siméon;Luik
1051;4683;Vivegnis;Luik
1052;4684;Haccourt;Luik
1053;4690;Bassenge;Luik
1054;4690;Boirs;Luik
1055;4690;Eben-Emael;Luik
1056;4690;Glons;Luik
1057;4690;Roclenge-Sur-Geer;Luik
1058;4690;Wonck;Luik
1059;4700;Eupen;Luik
1060;4701;Kettenis;Luik
1061;4710;Lontzen;Luik
1062;4711;Walhorn;Luik
1063;4720;La Calamine;Luik
1064;4721;Neu-Moresnet;Luik
1065;4728;Hergenrath;Luik
1066;4730;Hauset;Luik
1067;4730;Raeren;Luik
1068;4731;Eynatten;Luik
1069;4750;Butgenbach;Luik
1070;4750;Elsenborn;Luik
1071;4760;Bullange;Luik
1072;4760;Manderfeld;Luik
1073;4761;Rocherath;Luik
1074;4770;Amblève;Luik
1075;4770;Meyerode;Luik
1076;4771;Heppenbach;Luik
1077;4780;Recht;Luik
1078;4780;Saint-Vith;Luik
1079;4782;Schoenberg;Luik
1080;4783;Lommersweiler;Luik
1081;4784;Crombach;Luik
1082;4790;Reuland;Luik
1083;4791;Thommen;Luik
1084;4800;Ensival;Luik
1085;4800;Lambermont;Luik
1086;4800;Petit-Rechain;Luik
1087;4800;Polleur;Luik
1088;4800;Verviers;Luik
1089;4801;Stembert;Luik
1090;4802;Heusy;Luik
1091;4820;Dison;Luik
1092;4821;Andrimont;Luik
1093;4830;Limbourg;Luik
1094;4831;Bilstain;Luik
1095;4834;Goé;Luik
1096;4837;Baelen;Luik
1097;4837;Membach;Luik
1098;4840;Welkenraedt;Luik
1099;4841;Henri-Chapelle;Luik
1100;4845;Jalhay;Luik
1101;4845;Sart-Lez-Spa;Luik
1102;4850;Montzen;Luik
1103;4850;Moresnet;Luik
1104;4851;Gemmenich;Luik
1105;4851;Sippenaeken;Luik
1106;4852;Hombourg;Luik
1107;4860;Cornesse;Luik
1108;4860;Pepinster;Luik
1109;4860;Wegnez;Luik
1110;4861;Soiron;Luik
1111;4870;Forêt;Luik
1112;4870;Fraipont;Luik
1113;4870;Nessonvaux;Luik
1114;4877;Olne;Luik
1115;4880;Aubel;Luik
1116;4890;Clermont;Luik
1117;4890;Thimister;Luik
1118;4900;Spa;Luik
1119;4910;La Reid;Luik
1120;4910;Polleur;Luik
1121;4910;Theux;Luik
1122;4920;Aywaille;Luik
1123;4920;Ernonheid;Luik
1124;4920;Harzé;Luik
1125;4920;Louveigné;Luik
1126;4920;Sougné-Remouchamps;Luik
1127;4950;Faymonville;Luik
1128;4950;Robertville;Luik
1129;4950;Sourbrodt;Luik
1130;4950;Waimes;Luik
1131;4960;Bellevaux-Ligneuville;Luik
1132;4960;Bevercé;Luik
1133;4960;Malmedy;Luik
1134;4970;Francorchamps;Luik
1135;4970;Stavelot;Luik
1136;4980;Fosse;Luik
1137;4980;Trois-Ponts;Luik
1138;4980;Wanne;Luik
1139;4983;Basse-Bodeux;Luik
1140;4987;Chevron;Luik
1141;4987;La Gleize;Luik
1142;4987;Lorcé;Luik
1143;4987;Rahier;Luik
1144;4987;Stoumont;Luik
1145;4990;Arbrefontaine;Luik
1146;4990;Bra;Luik
1147;4990;Lierneux;Luik
1148;5000;Beez;Namen
1149;5000;Namur;Namen
1150;5001;Belgrade;Namen
1151;5002;Saint-Servais;Namen
1152;5003;Saint-Marc;Namen
1153;5004;Bouge;Namen
1154;5010;Sa Sudpresse;
1155;5012;Parlement Wallon;
1156;5020;Champion;Namen
1157;5020;Daussoulx;Namen
1158;5020;Flawinne;Namen
1159;5020;Malonne;Namen
1160;5020;Suarlée;Namen
1161;5020;Temploux;Namen
1162;5020;Vedrin;Namen
1163;5021;Boninne;Namen
1164;5022;Cognelée;Namen
1165;5024;Gelbressée;Namen
1166;5024;Marche-Les-Dames;Namen
1167;5030;Beuzet;Namen
1168;5030;Ernage;Namen
1169;5030;Gembloux;Namen
1170;5030;Grand-Manil;Namen
1171;5030;Lonzée;Namen
1172;5030;Sauvenière;Namen
1173;5031;Grand-Leez;Namen
1174;5032;Bossière;Namen
1175;5032;Bothey;Namen
1176;5032;Corroy-Le-Château;Namen
1177;5032;Isnes;Namen
1178;5032;Mazy;Namen
1179;5060;Arsimont;Namen
1180;5060;Auvelais;Namen
1181;5060;Falisolle;Namen
1182;5060;Keumiée;Namen
1183;5060;Moignelée;Namen
1184;5060;Tamines;Namen
1185;5060;Velaine-Sur-Sambre;Namen
1186;5070;Aisemont;Namen
1187;5070;Fosses-La-Ville;Namen
1188;5070;Le Roux;Namen
1189;5070;Sart-Eustache;Namen
1190;5070;Sart-Saint-Laurent;Namen
1191;5070;Vitrival;Namen
1192;5080;Emines;Namen
1193;5080;Rhisnes;Namen
1194;5080;Villers-Lez-Heest;Namen
1195;5080;Warisoulx;Namen
1196;5081;Bovesse;Namen
1197;5081;Meux;Namen
1198;5081;Saint-Denis-Bovesse;Namen
1199;5100;Dave;Namen
1200;5100;Jambes;Namen
1201;5100;Naninne;Namen
1202;5100;Wépion;Namen
1203;5100;Wierde;Namen
1204;5101;Erpent;Namen
1205;5101;Lives-Sur-Meuse;Namen
1206;5101;Loyers;Namen
1207;5140;Boignée;Namen
1208;5140;Ligny;Namen
1209;5140;Sombreffe;Namen
1210;5140;Tongrinne;Namen
1211;5150;Floreffe;Namen
1212;5150;Floriffoux;Namen
1213;5150;Franière;Namen
1214;5150;Soye;Namen
1215;5170;Arbre;Namen
1216;5170;Bois-De-Villers;Namen
1217;5170;Lesve;Namen
1218;5170;Lustin;Namen
1219;5170;Profondeville;Namen
1220;5170;Rivière;Namen
1221;5190;Balâtre;Namen
1222;5190;Ham-Sur-Sambre;Namen
1223;5190;Jemeppe-Sur-Sambre;Namen
1224;5190;Mornimont;Namen
1225;5190;Moustier-Sur-Sambre;Namen
1226;5190;Onoz;Namen
1227;5190;Saint-Martin;Namen
1228;5190;Spy;Namen
1229;5300;Andenne;Namen
1230;5300;Bonneville;Namen
1231;5300;Coutisse;Namen
1232;5300;Landenne;Namen
1233;5300;Maizeret;Namen
1234;5300;Namêche;Namen
1235;5300;Sclayn;Namen
1236;5300;Seilles;Namen
1237;5300;Thon;Namen
1238;5300;Vezin;Namen
1239;5310;Aische-En-Refail;Namen
1240;5310;Bolinne;Namen
1241;5310;Boneffe;Namen
1242;5310;Branchon;Namen
1243;5310;Dhuy;Namen
1244;5310;Eghezée;Namen
1245;5310;Hanret;Namen
1246;5310;Leuze;Namen
1247;5310;Liernu;Namen
1248;5310;Longchamps;Namen
1249;5310;Mehaigne;Namen
1250;5310;Noville-Sur-Méhaigne;Namen
1251;5310;Saint-Germain;Namen
1252;5310;Taviers;Namen
1253;5310;Upigny;Namen
1254;5310;Waret-La-Chaussée;Namen
1255;5330;Assesse;Namen
1256;5330;Maillen;Namen
1257;5330;Sart-Bernard;Namen
1258;5332;Crupet;Namen
1259;5333;Sorinne-La-Longue;Namen
1260;5334;Florée;Namen
1261;5336;Courrière;Namen
1262;5340;Faulx-Les-Tombes;Namen
1263;5340;Gesves;Namen
1264;5340;Haltinne;Namen
1265;5340;Mozet;Namen
1266;5340;Sorée;Namen
1267;5350;Evelette;Namen
1268;5350;Ohey;Namen
1269;5351;Haillot;Namen
1270;5352;Perwez-Haillot;Namen
1271;5353;Goesnes;Namen
1272;5354;Jallet;Namen
1273;5360;Hamois;Namen
1274;5360;Natoye;Namen
1275;5361;Mohiville;Namen
1276;5361;Scy;Namen
1277;5362;Achet;Namen
1278;5363;Emptinne;Namen
1279;5364;Schaltin;Namen
1280;5370;Barvaux-Condroz;Namen
1281;5370;Flostoy;Namen
1282;5370;Havelange;Namen
1283;5370;Jeneffe;Namen
1284;5370;Porcheresse;Namen
1285;5370;Verlée;Namen
1286;5372;Méan;Namen
1287;5374;Maffe;Namen
1288;5376;Miécret;Namen
1289;5377;Baillonville;Namen
1290;5377;Bonsin;Namen
1291;5377;Heure;Namen
1292;5377;Hogne;Namen
1293;5377;Nettinne;Namen
1294;5377;Noiseux;Namen
1295;5377;Sinsin;Namen
1296;5377;Somme-Leuze;Namen
1297;5377;Waillet;Namen
1298;5380;Bierwart;Namen
1299;5380;Cortil-Wodon;Namen
1300;5380;Forville;Namen
1301;5380;Franc-Waret;Namen
1302;5380;Hemptinne;Namen
1303;5380;Hingeon;Namen
1304;5380;Marchovelette;Namen
1305;5380;Noville-Les-Bois;Namen
1306;5380;Pontillas;Namen
1307;5380;Tillier;Namen
1308;5500;Anseremme;Namen
1309;5500;Bouvignes-Sur-Meuse;Namen
1310;5500;Dinant;Namen
1311;5500;Dréhance;Namen
1312;5500;Falmagne;Namen
1313;5500;Falmignoul;Namen
1314;5500;Furfooz;Namen
1315;5501;Lisogne;Namen
1316;5502;Thynes;Namen
1317;5503;Sorinnes;Namen
1318;5504;Foy-Notre-Dame;Namen
1319;5520;Anthée;Namen
1320;5520;Onhaye;Namen
1321;5521;Serville;Namen
1322;5522;Falaen;Namen
1323;5523;Sommière;Namen
1324;5523;Weillen;Namen
1325;5524;Gerin;Namen
1326;5530;Dorinne;Namen
1327;5530;Durnal;Namen
1328;5530;Evrehailles;Namen
1329;5530;Godinne;Namen
1330;5530;Houx;Namen
1331;5530;Mont;Namen
1332;5530;Purnode;Namen
1333;5530;Spontin;Namen
1334;5530;Yvoir;Namen
1335;5537;Anhée;Namen
1336;5537;Annevoie-Rouillon;Namen
1337;5537;Bioul;Namen
1338;5537;Denée;Namen
1339;5537;Haut-Le-Wastia;Namen
1340;5537;Sosoye;Namen
1341;5537;Warnant;Namen
1342;5540;Hastière-Lavaux;Namen
1343;5540;Hermeton-Sur-Meuse;Namen
1344;5540;Waulsort;Namen
1345;5541;Hastière-Par-Delà;Namen
1346;5542;Blaimont;Namen
1347;5543;Heer;Namen
1348;5544;Agimont;Namen
1349;5550;Alle;Namen
1350;5550;Bagimont;Namen
1351;5550;Bohan;Namen
1352;5550;Chairière;Namen
1353;5550;Laforet;Namen
1354;5550;Membre;Namen
1355;5550;Mouzaive;Namen
1356;5550;Nafraiture;Namen
1357;5550;Orchimont;Namen
1358;5550;Pussemange;Namen
1359;5550;Sugny;Namen
1360;5550;Vresse-Sur-Semois;Namen
1361;5555;Baillamont;Namen
1362;5555;Bellefontaine;Namen
1363;5555;Bièvre;Namen
1364;5555;Cornimont;Namen
1365;5555;Graide;Namen
1366;5555;Gros-Fays;Namen
1367;5555;Monceau-En-Ardenne;Namen
1368;5555;Naomé;Namen
1369;5555;Oizy;Namen
1370;5555;Petit-Fays;Namen
1371;5560;Ciergnon;Namen
1372;5560;Finnevaux;Namen
1373;5560;Houyet;Namen
1374;5560;Hulsonniaux;Namen
1375;5560;Mesnil-Eglise;Namen
1376;5560;Mesnil-Saint-Blaise;Namen
1377;5561;Celles;Namen
1378;5562;Custinne;Namen
1379;5563;Hour;Namen
1380;5564;Wanlin;Namen
1381;5570;Baronville;Namen
1382;5570;Beauraing;Namen
1383;5570;Dion;Namen
1384;5570;Felenne;Namen
1385;5570;Feschaux;Namen
1386;5570;Honnay;Namen
1387;5570;Javingue;Namen
1388;5570;Vonêche;Namen
1389;5570;Wancennes;Namen
1390;5570;Winenne;Namen
1391;5571;Wiesme;Namen
1392;5572;Focant;Namen
1393;5573;Martouzin-Neuville;Namen
1394;5574;Pondrôme;Namen
1395;5575;Bourseigne-Neuve;Namen
1396;5575;Bourseigne-Vieille;Namen
1397;5575;Gedinne;Namen
1398;5575;Houdremont;Namen
1399;5575;Louette-Saint-Denis;Namen
1400;5575;Louette-Saint-Pierre;Namen
1401;5575;Malvoisin;Namen
1402;5575;Patignies;Namen
1403;5575;Rienne;Namen
1404;5575;Sart-Custinne;Namen
1405;5575;Vencimont;Namen
1406;5575;Willerzie;Namen
1407;5576;Froidfontaine;Namen
1408;5580;Ave-Et-Auffe;Namen
1409;5580;Buissonville;Namen
1410;5580;Eprave;Namen
1411;5580;Han-Sur-Lesse;Namen
1412;5580;Jemelle;Namen
1413;5580;Lavaux-Saint-Anne;Namen
1414;5580;Lessive;Namen
1415;5580;Mont-Gauthier;Namen
1416;5580;Rochefort;Namen
1417;5580;Villers-Sur-Lesse;Namen
1418;5580;Wavreille;Namen
1419;5590;Achêne;Namen
1420;5590;Braibant;Namen
1421;5590;Chevetogne;Namen
1422;5590;Ciney;Namen
1423;5590;Conneux;Namen
1424;5590;Haversin;Namen
1425;5590;Leignon;Namen
1426;5590;Pessoux;Namen
1427;5590;Serinchamps;Namen
1428;5590;Sovet;Namen
1429;5600;Fagnolle;Namen
1430;5600;Franchimont;Namen
1431;5600;Jamagne;Namen
1432;5600;Jamiolle;Namen
1433;5600;Merlemont;Namen
1434;5600;Neuville;Namen
1435;5600;Omezée;Namen
1436;5600;Philippeville;Namen
1437;5600;Roly;Namen
1438;5600;Romedenne;Namen
1439;5600;Samart;Namen
1440;5600;Sart-En-Fagne;Namen
1441;5600;Sautour;Namen
1442;5600;Surice;Namen
1443;5600;Villers-En-Fagne;Namen
1444;5600;Villers-Le-Gambon;Namen
1445;5600;Vodecée;Namen
1446;5620;Corenne;Namen
1447;5620;Flavion;Namen
1448;5620;Florennes;Namen
1449;5620;Hemptinne-Lez-Florennes;Namen
1450;5620;Morville;Namen
1451;5620;Rosée;Namen
1452;5620;Saint-Aubin;Namen
1453;5621;Hanzinelle;Namen
1454;5621;Hanzinne;Namen
1455;5621;Morialmé;Namen
1456;5621;Thy-Le-Baudouin;Namen
1457;5630;Cerfontaine;Namen
1458;5630;Daussois;Namen
1459;5630;Senzeille;Namen
1460;5630;Silenrieux;Namen
1461;5630;Soumoy;Namen
1462;5630;Villers-Deux-Eglises;Namen
1463;5640;Biesme;Namen
1464;5640;Biesmerée;Namen
1465;5640;Graux;Namen
1466;5640;Mettet;Namen
1467;5640;Oret;Namen
1468;5640;Saint-Gérard;Namen
1469;5641;Furnaux;Namen
1470;5644;Ermeton-Sur-Biert;Namen
1471;5646;Stave;Namen
1472;5650;Castillon;Namen
1473;5650;Chastrès;Namen
1474;5650;Clermont;Namen
1475;5650;Fontenelle;Namen
1476;5650;Fraire;Namen
1477;5650;Pry;Namen
1478;5650;Vogenée;Namen
1479;5650;Walcourt;Namen
1480;5650;Yves-Gomezée;Namen
1481;5651;Berzée;Namen
1482;5651;Gourdinne;Namen
1483;5651;Laneffe;Namen
1484;5651;Rognée;Namen
1485;5651;Somzée;Namen
1486;5651;Tarcienne;Namen
1487;5651;Thy-Le-Château;Namen
1488;5660;Aublain;Namen
1489;5660;Boussu-En-Fagne;Namen
1490;5660;Brûly;Namen
1491;5660;Brûly-De-Pesche;Namen
1492;5660;Couvin;Namen
1493;5660;Cul-Des-Sarts;Namen
1494;5660;Dailly;Namen
1495;5660;Frasnes;Namen
1496;5660;Gonrieux;Namen
1497;5660;Mariembourg;Namen
1498;5660;Pesche;Namen
1499;5660;Petigny;Namen
1500;5660;Petite-Chapelle;Namen
1501;5660;Presgaux;Namen
1502;5670;Dourbes;Namen
1503;5670;Le Mesnil;Namen
1504;5670;Mazée;Namen
1505;5670;Nismes;Namen
1506;5670;Oignies-En-Thiérache;Namen
1507;5670;Olloy-Sur-Viroin;Namen
1508;5670;Treignes;Namen
1509;5670;Vierves-Sur-Viroin;Namen
1510;5680;Doische;Namen
1511;5680;Gimnée;Namen
1512;5680;Gochenée;Namen
1513;5680;Matagne-La-Grande;Namen
1514;5680;Matagne-La-Petite;Namen
1515;5680;Niverlée;Namen
1516;5680;Romerée;Namen
1517;5680;Soulme;Namen
1518;5680;Vaucelles;Namen
1519;5680;Vodelée;Namen
1520;6000;Charleroi;Henegouwen
1521;6001;Marcinelle;Henegouwen
1522;6010;Couillet;Henegouwen
1523;6020;Dampremy;Henegouwen
1524;6030;Goutroux;Henegouwen
1525;6030;Marchienne-Au-Pont;Henegouwen
1526;6031;Monceau-Sur-Sambre;Henegouwen
1527;6032;Mont-Sur-Marchienne;Henegouwen
1528;6040;Jumet;Henegouwen
1529;6041;Gosselies;Henegouwen
1530;6042;Lodelinsart;Henegouwen
1531;6043;Ransart;Henegouwen
1532;6044;Roux;Henegouwen
1533;6060;Gilly;Henegouwen
1534;6061;Montignies-Sur-Sambre;Henegouwen
1535;6099;Charleroi X;
1536;6110;Montigny-Le-Tilleul;Henegouwen
1537;6111;Landelies;Henegouwen
1538;6120;Cour-Sur-Heure;Henegouwen
1539;6120;Ham-Sur-Heure;Henegouwen
1540;6120;Jamioulx;Henegouwen
1541;6120;Marbaix;Henegouwen
1542;6120;Nalinnes;Henegouwen
1543;6140;Fontaine-L'Evêque;Henegouwen
1544;6141;Forchies-La-Marche;Henegouwen
1545;6142;Leernes;Henegouwen
1546;6150;Anderlues;Henegouwen
1547;6180;Courcelles;Henegouwen
1548;6181;Gouy-Lez-Piéton;Henegouwen
1549;6182;Souvret;Henegouwen
1550;6183;Trazegnies;Henegouwen
1551;6200;Bouffioulx;Henegouwen
1552;6200;Châtelet;Henegouwen
1553;6200;Châtelineau;Henegouwen
1554;6210;Frasnes-Lez-Gosselies;Henegouwen
1555;6210;Rèves;Henegouwen
1556;6210;Villers-Perwin;Henegouwen
1557;6210;Wayaux;Henegouwen
1558;6211;Mellet;Henegouwen
1559;6220;Fleurus;Henegouwen
1560;6220;Heppignies;Henegouwen
1561;6220;Lambusart;Henegouwen
1562;6220;Wangenies;Henegouwen
1563;6221;Saint-Amand;Henegouwen
1564;6222;Brye;Henegouwen
1565;6223;Wagnelée;Henegouwen
1566;6224;Wanfercée-Baulet;Henegouwen
1567;6230;Buzet;Henegouwen
1568;6230;Obaix;Henegouwen
1569;6230;Pont-À-Celles;Henegouwen
1570;6230;Thiméon;Henegouwen
1571;6230;Viesville;Henegouwen
1572;6238;Liberchies;Henegouwen
1573;6238;Luttre;Henegouwen
1574;6240;Farciennes;Henegouwen
1575;6240;Pironchamps;Henegouwen
1576;6250;Aiseau;Henegouwen
1577;6250;Pont-De-Loup;Henegouwen
1578;6250;Presles;Henegouwen
1579;6250;Roselies;Henegouwen
1580;6280;Acoz;Henegouwen
1581;6280;Gerpinnes;Henegouwen
1582;6280;Gougnies;Henegouwen
1583;6280;Joncret;Henegouwen
1584;6280;Loverval;Henegouwen
1585;6280;Villers-Poterie;Henegouwen
1586;6440;Boussu-Lez-Walcourt;Henegouwen
1587;6440;Fourbechies;Henegouwen
1588;6440;Froidchapelle;Henegouwen
1589;6440;Vergnies;Henegouwen
1590;6441;Erpion;Henegouwen
1591;6460;Bailièvre;Henegouwen
1592;6460;Chimay;Henegouwen
1593;6460;Robechies;Henegouwen
1594;6460;Saint-Remy;Henegouwen
1595;6460;Salles;Henegouwen
1596;6460;Villers-La-Tour;Henegouwen
1597;6461;Virelles;Henegouwen
1598;6462;Vaulx-Lez-Chimay;Henegouwen
1599;6463;Lompret;Henegouwen
1600;6464;Baileux;Henegouwen
1601;6464;Bourlers;Henegouwen
1602;6464;Forges;Henegouwen
1603;6464;L'Escaillère;Henegouwen
1604;6464;Rièzes;Henegouwen
1605;6470;Grandrieu;Henegouwen
1606;6470;Montbliart;Henegouwen
1607;6470;Rance;Henegouwen
1608;6470;Sautin;Henegouwen
1609;6470;Sivry;Henegouwen
1610;6500;Barbençon;Henegouwen
1611;6500;Beaumont;Henegouwen
1612;6500;Leugnies;Henegouwen
1613;6500;Leval-Chaudeville;Henegouwen
1614;6500;Renlies;Henegouwen
1615;6500;Solre-Saint-Géry;Henegouwen
1616;6500;Thirimont;Henegouwen
1617;6511;Strée;Henegouwen
1618;6530;Leers-Et-Fosteau;Henegouwen
1619;6530;Thuin;Henegouwen
1620;6531;Biesme-Sous-Thuin;Henegouwen
1621;6532;Ragnies;Henegouwen
1622;6533;Biercée;Henegouwen
1623;6534;Gozée;Henegouwen
1624;6536;Donstiennes;Henegouwen
1625;6536;Thuillies;Henegouwen
1626;6540;Lobbes;Henegouwen
1627;6540;Mont-Sainte-Geneviève;Henegouwen
1628;6542;Sars-La-Buissière;Henegouwen
1629;6543;Bienne-Lez-Happart;Henegouwen
1630;6560;Bersillies-L'Abbaye;Henegouwen
1631;6560;Erquelinnes;Henegouwen
1632;6560;Grand-Reng;Henegouwen
1633;6560;Hantes-Wihéries;Henegouwen
1634;6560;Montignies-Saint-Christophe;Henegouwen
1635;6560;Solre-Sur-Sambre;Henegouwen
1636;6567;Fontaine-Valmont;Henegouwen
1637;6567;Labuissière;Henegouwen
1638;6567;Merbes-Le-Château;Henegouwen
1639;6567;Merbes-Sainte-Marie;Henegouwen
1640;6590;Momignies;Henegouwen
1641;6591;Macon;Henegouwen
1642;6592;Monceau-Imbrechies;Henegouwen
1643;6593;Macquenoise;Henegouwen
1644;6594;Beauwelz;Henegouwen
1645;6596;Forge-Philippe;Henegouwen
1646;6596;Seloignes;Henegouwen
1647;6600;Bastogne;Luxemburg
1648;6600;Longvilly;Luxemburg
1649;6600;Noville;Luxemburg
1650;6600;Villers-La-Bonne-Eau;Luxemburg
1651;6600;Wardin;Luxemburg
1652;6630;Martelange;Luxemburg
1653;6637;Fauvillers;Luxemburg
1654;6637;Hollange;Luxemburg
1655;6637;Tintange;Luxemburg
1656;6640;Hompré;Luxemburg
1657;6640;Morhet;Luxemburg
1658;6640;Nives;Luxemburg
1659;6640;Sibret;Luxemburg
1660;6640;Vaux-Lez-Rosières;Luxemburg
1661;6640;Vaux-Sur-Sûre;Luxemburg
1662;6642;Juseret;Luxemburg
1663;6660;Houffalize;Luxemburg
1664;6660;Nadrin;Luxemburg
1665;6661;Mont;Luxemburg
1666;6661;Tailles;Luxemburg
1667;6662;Tavigny;Luxemburg
1668;6663;Mabompré;Luxemburg
1669;6666;Wibrin;Luxemburg
1670;6670;Gouvy;Luxemburg
1671;6670;Limerlé;Luxemburg
1672;6671;Bovigny;Luxemburg
1673;6672;Beho;Luxemburg
1674;6673;Cherain;Luxemburg
1675;6674;Montleban;Luxemburg
1676;6680;Amberloup;Luxemburg
1677;6680;Tillet;Luxemburg
1678;6681;Lavacherie;Luxemburg
1679;6686;Flamierge;Luxemburg
1680;6687;Bertogne;Luxemburg
1681;6688;Longchamps;Luxemburg
1682;6690;Bihain;Luxemburg
1683;6690;Vielsalm;Luxemburg
1684;6692;Petit-Thier;Luxemburg
1685;6698;Grand-Halleux;Luxemburg
1686;6700;Arlon;Luxemburg
1687;6700;Bonnert;Luxemburg
1688;6700;Heinsch;Luxemburg
1689;6700;Toernich;Luxemburg
1690;6704;Guirsch;Luxemburg
1691;6706;Autelbas;Luxemburg
1692;6717;Attert;Luxemburg
1693;6717;Nobressart;Luxemburg
1694;6717;Nothomb;Luxemburg
1695;6717;Thiaumont;Luxemburg
1696;6717;Tontelange;Luxemburg
1697;6720;Habay-La-Neuve;Luxemburg
1698;6720;Hachy;Luxemburg
1699;6721;Anlier;Luxemburg
1700;6723;Habay-La-Vieille;Luxemburg
1701;6724;Houdemont;Luxemburg
1702;6724;Rulles;Luxemburg
1703;6730;Bellefontaine;Luxemburg
1704;6730;Rossignol;Luxemburg
1705;6730;Saint-Vincent;Luxemburg
1706;6730;Tintigny;Luxemburg
1707;6740;Etalle;Luxemburg
1708;6740;Sainte-Marie-Sur-Semois;Luxemburg
1709;6740;Villers-Sur-Semois;Luxemburg
1710;6741;Vance;Luxemburg
1711;6742;Chantemelle;Luxemburg
1712;6743;Buzenol;Luxemburg
1713;6747;Châtillon;Luxemburg
1714;6747;Meix-Le-Tige;Luxemburg
1715;6747;Saint-Léger;Luxemburg
1716;6750;Musson;Luxemburg
1717;6750;Mussy-La-Ville;Luxemburg
1718;6750;Signeulx;Luxemburg
1719;6760;Bleid;Luxemburg
1720;6760;Ethe;Luxemburg
1721;6760;Ruette;Luxemburg
1722;6760;Virton;Luxemburg
1723;6761;Latour;Luxemburg
1724;6762;Saint-Mard;Luxemburg
1725;6767;Dampicourt;Luxemburg
1726;6767;Harnoncourt;Luxemburg
1727;6767;Lamorteau;Luxemburg
1728;6767;Torgny;Luxemburg
1729;6769;Gérouville;Luxemburg
1730;6769;Meix-Devant-Virton;Luxemburg
1731;6769;Robelmont;Luxemburg
1732;6769;Sommethonne;Luxemburg
1733;6769;Villers-La-Loue;Luxemburg
1734;6780;Hondelange;Luxemburg
1735;6780;Messancy;Luxemburg
1736;6780;Wolkrange;Luxemburg
1737;6781;Sélange;Luxemburg
1738;6782;Habergy;Luxemburg
1739;6790;Aubange;Luxemburg
1740;6791;Athus;Luxemburg
1741;6792;Halanzy;Luxemburg
1742;6792;Rachecourt;Luxemburg
1743;6800;Bras;Luxemburg
1744;6800;Freux;Luxemburg
1745;6800;Libramont-Chevigny;Luxemburg
1746;6800;Moircy;Luxemburg
1747;6800;Recogne;Luxemburg
1748;6800;Remagne;Luxemburg
1749;6800;Saint-Pierre;Luxemburg
1750;6800;Sainte-Marie-Chevigny;Luxemburg
1751;6810;Chiny;Luxemburg
1752;6810;Izel;Luxemburg
1753;6810;Jamoigne;Luxemburg
1754;6811;Les Bulles;Luxemburg
1755;6812;Suxy;Luxemburg
1756;6813;Termes;Luxemburg
1757;6820;Florenville;Luxemburg
1758;6820;Fontenoille;Luxemburg
1759;6820;Muno;Luxemburg
1760;6820;Sainte-Cécile;Luxemburg
1761;6821;Lacuisine;Luxemburg
1762;6823;Villers-Devant-Orval;Luxemburg
1763;6824;Chassepierre;Luxemburg
1764;6830;Bouillon;Luxemburg
1765;6830;Les Hayons;Luxemburg
1766;6830;Poupehan;Luxemburg
1767;6830;Rochehaut;Luxemburg
1768;6831;Noirfontaine;Luxemburg
1769;6832;Sensenruth;Luxemburg
1770;6833;Ucimont;Luxemburg
1771;6833;Vivy;Luxemburg
1772;6834;Bellevaux;Luxemburg
1773;6836;Dohan;Luxemburg
1774;6838;Corbion;Luxemburg
1775;6840;Grandvoir;Luxemburg
1776;6840;Grapfontaine;Luxemburg
1777;6840;Hamipré;Luxemburg
1778;6840;Longlier;Luxemburg
1779;6840;Neufchâteau;Luxemburg
1780;6840;Tournay;Luxemburg
1781;6850;Carlsbourg;Luxemburg
1782;6850;Offagne;Luxemburg
1783;6850;Paliseul;Luxemburg
1784;6851;Nollevaux;Luxemburg
1785;6852;Maissin;Luxemburg
1786;6852;Opont;Luxemburg
1787;6853;Framont;Luxemburg
1788;6856;Fays-Les-Veneurs;Luxemburg
1789;6860;Assenois;Luxemburg
1790;6860;Ebly;Luxemburg
1791;6860;Léglise;Luxemburg
1792;6860;Mellier;Luxemburg
1793;6860;Witry;Luxemburg
1794;6870;Arville;Luxemburg
1795;6870;Awenne;Luxemburg
1796;6870;Hatrival;Luxemburg
1797;6870;Mirwart;Luxemburg
1798;6870;Saint-Hubert;Luxemburg
1799;6870;Vesqueville;Luxemburg
1800;6880;Auby-Sur-Semois;Luxemburg
1801;6880;Bertrix;Luxemburg
1802;6880;Cugnon;Luxemburg
1803;6880;Jehonville;Luxemburg
1804;6880;Orgeo;Luxemburg
1805;6887;Herbeumont;Luxemburg
1806;6887;Saint-Médard;Luxemburg
1807;6887;Straimont;Luxemburg
1808;6890;Anloy;Luxemburg
1809;6890;Libin;Luxemburg
1810;6890;Ochamps;Luxemburg
1811;6890;Redu;Luxemburg
1812;6890;Smuid;Luxemburg
1813;6890;Transinne;Luxemburg
1814;6890;Villance;Luxemburg
1815;6900;Aye;Luxemburg
1816;6900;Hargimont;Luxemburg
1817;6900;Humain;Luxemburg
1818;6900;Marche-En-Famenne;Luxemburg
1819;6900;On;Luxemburg
1820;6900;Roy;Luxemburg
1821;6900;Waha;Luxemburg
1822;6920;Sohier;Luxemburg
1823;6920;Wellin;Luxemburg
1824;6921;Chanly;Luxemburg
1825;6922;Halma;Luxemburg
1826;6924;Lomprez;Luxemburg
1827;6927;Bure;Luxemburg
1828;6927;Grupont;Luxemburg
1829;6927;Resteigne;Luxemburg
1830;6927;Tellin;Luxemburg
1831;6929;Daverdisse;Luxemburg
1832;6929;Gembes;Luxemburg
1833;6929;Haut-Fays;Luxemburg
1834;6929;Porcheresse;Luxemburg
1835;6940;Barvaux-Sur-Ourthe;Luxemburg
1836;6940;Durbuy;Luxemburg
1837;6940;Grandhan;Luxemburg
1838;6940;Septon;Luxemburg
1839;6940;Wéris;Luxemburg
1840;6941;Bende;Luxemburg
1841;6941;Bomal-Sur-Ourthe;Luxemburg
1842;6941;Borlon;Luxemburg
1843;6941;Heyd;Luxemburg
1844;6941;Izier;Luxemburg
1845;6941;Tohogne;Luxemburg
1846;6941;Villers-Sainte-Gertrude;Luxemburg
1847;6950;Harsin;Luxemburg
1848;6950;Nassogne;Luxemburg
1849;6951;Bande;Luxemburg
1850;6952;Grune;Luxemburg
1851;6953;Ambly;Luxemburg
1852;6953;Forrières;Luxemburg
1853;6953;Lesterny;Luxemburg
1854;6953;Masbourg;Luxemburg
1855;6960;Dochamps;Luxemburg
1856;6960;Grandmenil;Luxemburg
1857;6960;Harre;Luxemburg
1858;6960;Malempré;Luxemburg
1859;6960;Odeigne;Luxemburg
1860;6960;Vaux-Chavanne;Luxemburg
1861;6970;Tenneville;Luxemburg
1862;6971;Champlon;Luxemburg
1863;6972;Erneuville;Luxemburg
1864;6980;Beausaint;Luxemburg
1865;6980;La Roche-En-Ardenne;Luxemburg
1866;6982;Samrée;Luxemburg
1867;6983;Ortho;Luxemburg
1868;6984;Hives;Luxemburg
1869;6986;Halleux;Luxemburg
1870;6987;Beffe;Luxemburg
1871;6987;Hodister;Luxemburg
1872;6987;Marcourt;Luxemburg
1873;6987;Rendeux;Luxemburg
1874;6990;Fronville;Luxemburg
1875;6990;Hampteau;Luxemburg
1876;6990;Hotton;Luxemburg
1877;6990;Marenne;Luxemburg
1878;6997;Amonines;Luxemburg
1879;6997;Erezée;Luxemburg
1880;6997;Mormont;Luxemburg
1881;6997;Soy;Luxemburg
1882;7000;Mons;Henegouwen
1883;7010;Shape;
1884;7011;Ghlin;Henegouwen
1885;7012;Flénu;Henegouwen
1886;7012;Jemappes;Henegouwen
1887;7020;Maisières;Henegouwen
1888;7020;Nimy;Henegouwen
1889;7021;Havre;Henegouwen
1890;7022;Harmignies;Henegouwen
1891;7022;Harveng;Henegouwen
1892;7022;Hyon;Henegouwen
1893;7022;Mesvin;Henegouwen
1894;7022;Nouvelles;Henegouwen
1895;7024;Ciply;Henegouwen
1896;7030;Saint-Symphorien;Henegouwen
1897;7031;Villers-Saint-Ghislain;Henegouwen
1898;7032;Spiennes;Henegouwen
1899;7033;Cuesmes;Henegouwen
1900;7034;Obourg;Henegouwen
1901;7034;Saint-Denis;Henegouwen
1902;7040;Asquillies;Henegouwen
1903;7040;Aulnois;Henegouwen
1904;7040;Blaregnies;Henegouwen
1905;7040;Bougnies;Henegouwen
1906;7040;Genly;Henegouwen
1907;7040;Goegnies-Chaussée;Henegouwen
1908;7040;Quévy-Le-Grand;Henegouwen
1909;7040;Quévy-Le-Petit;Henegouwen
1910;7041;Givry;Henegouwen
1911;7041;Havay;Henegouwen
1912;7050;Erbaut;Henegouwen
1913;7050;Erbisoeul;Henegouwen
1914;7050;Herchies;Henegouwen
1915;7050;Jurbise;Henegouwen
1916;7050;Masnuy-Saint-Jean;Henegouwen
1917;7050;Masnuy-Saint-Pierre;Henegouwen
1918;7060;Horrues;Henegouwen
1919;7060;Soignies;Henegouwen
1920;7061;Casteau;Henegouwen
1921;7061;Thieusies;Henegouwen
1922;7062;Naast;Henegouwen
1923;7063;Chaussée-Notre-Dame-Louvignies;Henegouwen
1924;7063;Neufvilles;Henegouwen
1925;7070;Gottignies;Henegouwen
1926;7070;Le Roeulx;Henegouwen
1927;7070;Mignault;Henegouwen
1928;7070;Thieu;Henegouwen
1929;7070;Ville-Sur-Haine;Henegouwen
1930;7080;Eugies;Henegouwen
1931;7080;Frameries;Henegouwen
1932;7080;La Bouverie;Henegouwen
1933;7080;Noirchain;Henegouwen
1934;7080;Sars-La-Bruyère;Henegouwen
1935;7090;Braine-Le-Comte;Henegouwen
1936;7090;Hennuyères;Henegouwen
1937;7090;Henripont;Henegouwen
1938;7090;Petit-Roeulx-Lez-Braine;Henegouwen
1939;7090;Ronquières;Henegouwen
1940;7090;Steenkerque;Henegouwen
1941;7100;Haine-Saint-Paul;Henegouwen
1942;7100;Haine-Saint-Pierre;Henegouwen
1943;7100;La Louvière;Henegouwen
1944;7100;Saint-Vaast;Henegouwen
1945;7100;Trivières;Henegouwen
1946;7110;Boussoit;Henegouwen
1947;7110;Houdeng-Aimeries;Henegouwen
1948;7110;Houdeng-Goegnies;Henegouwen
1949;7110;Maurage;Henegouwen
1950;7110;Strépy-Bracquegnies;Henegouwen
1951;7120;Croix-Lez-Rouveroy;Henegouwen
1952;7120;Estinnes-Au-Mont;Henegouwen
1953;7120;Estinnes-Au-Val;Henegouwen
1954;7120;Fauroeulx;Henegouwen
1955;7120;Haulchin;Henegouwen
1956;7120;Peissant;Henegouwen
1957;7120;Rouveroy;Henegouwen
1958;7120;Vellereille-Le-Sec;Henegouwen
1959;7120;Vellereille-Les-Brayeux;Henegouwen
1960;7130;Battignies;Henegouwen
1961;7130;Binche;Henegouwen
1962;7130;Bray;Henegouwen
1963;7131;Waudrez;Henegouwen
1964;7133;Buvrinnes;Henegouwen
1965;7134;Epinois;Henegouwen
1966;7134;Leval-Trahegnies;Henegouwen
1967;7134;Péronnes-Lez-Binche;Henegouwen
1968;7134;Ressaix;Henegouwen
1969;7140;Morlanwelz-Mariemont;Henegouwen
1970;7141;Carnières;Henegouwen
1971;7141;Mont-Sainte-Aldegonde;Henegouwen
1972;7160;Chapelle-Lez-Herlaimont;Henegouwen
1973;7160;Godarville;Henegouwen
1974;7160;Piéton;Henegouwen
1975;7170;Bellecourt;Henegouwen
1976;7170;Bois-D'Haine;Henegouwen
1977;7170;Fayt-Lez-Manage;Henegouwen
1978;7170;La Hestre;Henegouwen
1979;7170;Manage;Henegouwen
1980;7180;Seneffe;Henegouwen
1981;7181;Arquennes;Henegouwen
1982;7181;Familleureux;Henegouwen
1983;7181;Feluy;Henegouwen
1984;7181;Petit-Roeulx-Lez-Nivelles;Henegouwen
1985;7190;Ecaussinnes-D'Enghien;Henegouwen
1986;7190;Marche-Lez-Ecaussinnes;Henegouwen
1987;7191;Ecaussinnes-Lalaing;Henegouwen
1988;7300;Boussu;Henegouwen
1989;7301;Hornu;Henegouwen
1990;7320;Bernissart;Henegouwen
1991;7321;Blaton;Henegouwen
1992;7321;Harchies;Henegouwen
1993;7322;Pommeroeul;Henegouwen
1994;7322;Ville-Pommeroeul;Henegouwen
1995;7330;Saint-Ghislain;Henegouwen
1996;7331;Baudour;Henegouwen
1997;7332;Neufmaison;Henegouwen
1998;7332;Sirault;Henegouwen
1999;7333;Tertre;Henegouwen
2000;7334;Hautrage;Henegouwen
2001;7334;Villerot;Henegouwen
2002;7340;Colfontaine;Henegouwen
2003;7340;Paturages;Henegouwen
2004;7340;Warquignies;Henegouwen
2005;7340;Wasmes;Henegouwen
2006;7350;Hainin;Henegouwen
2007;7350;Hensies;Henegouwen
2008;7350;Montroeul-Sur-Haine;Henegouwen
2009;7350;Thulin;Henegouwen
2010;7370;Blaugies;Henegouwen
2011;7370;Dour;Henegouwen
2012;7370;Elouges;Henegouwen
2013;7370;Wihéries;Henegouwen
2014;7380;Baisieux;Henegouwen
2015;7380;Quiévrain;Henegouwen
2016;7382;Audregnies;Henegouwen
2017;7387;Angre;Henegouwen
2018;7387;Angreau;Henegouwen
2019;7387;Athis;Henegouwen
2020;7387;Autreppe;Henegouwen
2021;7387;Erquennes;Henegouwen
2022;7387;Fayt-Le-Franc;Henegouwen
2023;7387;Marchipont;Henegouwen
2024;7387;Montignies-Sur-Roc;Henegouwen
2025;7387;Onnezies;Henegouwen
2026;7387;Roisin;Henegouwen
2027;7390;Quaregnon;Henegouwen
2028;7390;Wasmuel;Henegouwen
2029;7500;Ere;Henegouwen
2030;7500;Saint-Maur;Henegouwen
2031;7500;Tournai;Henegouwen
2032;7501;Orcq;Henegouwen
2033;7502;Esplechin;Henegouwen
2034;7503;Froyennes;Henegouwen
2035;7504;Froidmont;Henegouwen
2036;7506;Willemeau;Henegouwen
2037;7510;3 Suisses;
2038;7511;Vitrine Magique;
2039;7512;Yves Rocher;
2040;7513;Yves Rocher;
2041;7520;Ramegnies-Chin;Henegouwen
2042;7520;Templeuve;Henegouwen
2043;7521;Chercq;Henegouwen
2044;7522;Blandain;Henegouwen
2045;7522;Hertain;Henegouwen
2046;7522;Lamain;Henegouwen
2047;7522;Marquain;Henegouwen
2048;7530;Gaurain-Ramecroix;Henegouwen
2049;7531;Havinnes;Henegouwen
2050;7532;Beclers;Henegouwen
2051;7533;Thimougies;Henegouwen
2052;7534;Barry;Henegouwen
2053;7534;Maulde;Henegouwen
2054;7536;Vaulx;Henegouwen
2055;7538;Vezon;Henegouwen
2056;7540;Kain;Henegouwen
2057;7540;Melles;Henegouwen
2058;7540;Quartes;Henegouwen
2059;7540;Rumillies;Henegouwen
2060;7542;Mont-Saint-Aubert;Henegouwen
2061;7543;Mourcourt;Henegouwen
2062;7548;Warchin;Henegouwen
2063;7600;Péruwelz;Henegouwen
2064;7601;Roucourt;Henegouwen
2065;7602;Bury;Henegouwen
2066;7603;Bon-Secours;Henegouwen
2067;7604;Baugnies;Henegouwen
2068;7604;Braffe;Henegouwen
2069;7604;Brasmenil;Henegouwen
2070;7604;Callenelle;Henegouwen
2071;7604;Wasmes-Audemez-Briffoeil;Henegouwen
2072;7608;Wiers;Henegouwen
2073;7610;Rumes;Henegouwen
2074;7611;La Glanerie;Henegouwen
2075;7618;Taintignies;Henegouwen
2076;7620;Bléharies;Henegouwen
2077;7620;Guignies;Henegouwen
2078;7620;Hollain;Henegouwen
2079;7620;Jollain-Merlin;Henegouwen
2080;7620;Wez-Velvain;Henegouwen
2081;7621;Lesdain;Henegouwen
2082;7622;Laplaigne;Henegouwen
2083;7623;Rongy;Henegouwen
2084;7624;Howardries;Henegouwen
2085;7640;Antoing;Henegouwen
2086;7640;Maubray;Henegouwen
2087;7640;Péronnes-Lez-Antoing;Henegouwen
2088;7641;Bruyelle;Henegouwen
2089;7642;Calonne;Henegouwen
2090;7643;Fontenoy;Henegouwen
2091;7700;Luingne;Henegouwen
2092;7700;Moeskroen;Henegouwen
2093;7711;Dottenijs;Henegouwen
2094;7712;Herseaux;Henegouwen
2095;7730;Bailleul;Henegouwen
2096;7730;Estaimbourg;Henegouwen
2097;7730;Estaimpuis;Henegouwen
2098;7730;Evregnies;Henegouwen
2099;7730;Leers-Nord;Henegouwen
2100;7730;Néchin;Henegouwen
2101;7730;Saint-Léger;Henegouwen
2102;7740;Pecq;Henegouwen
2103;7740;Warcoing;Henegouwen
2104;7742;Hérinnes-Lez-Pecq;Henegouwen
2105;7743;Esquelmes;Henegouwen
2106;7743;Obigies;Henegouwen
2107;7750;Amougies;Henegouwen
2108;7750;Anseroeul;Henegouwen
2109;7750;Orroir;Henegouwen
2110;7750;Russeignies;Henegouwen
2111;7760;Celles;Henegouwen
2112;7760;Escanaffles;Henegouwen
2113;7760;Molenbaix;Henegouwen
2114;7760;Popuelles;Henegouwen
2115;7760;Pottes;Henegouwen
2116;7760;Velaines;Henegouwen
2117;7780;Komen;Henegouwen
2118;7780;Komen-Waasten;Henegouwen
2119;7781;Houthem;Henegouwen
2120;7782;Ploegsteert;Henegouwen
2121;7783;Bizet;Henegouwen
2122;7784;Neerwaasten;Henegouwen
2123;7784;Waasten;Henegouwen
2124;7800;Ath;Henegouwen
2125;7800;Lanquesaint;Henegouwen
2126;7801;Irchonwelz;Henegouwen
2127;7802;Ormeignies;Henegouwen
2128;7803;Bouvignies;Henegouwen
2129;7804;Ostiches;Henegouwen
2130;7804;Rebaix;Henegouwen
2131;7810;Maffle;Henegouwen
2132;7811;Arbre;Henegouwen
2133;7812;Houtaing;Henegouwen
2134;7812;Ligne;Henegouwen
2135;7812;Mainvault;Henegouwen
2136;7812;Moulbaix;Henegouwen
2137;7812;Villers-Notre-Dame;Henegouwen
2138;7812;Villers-Saint-Amand;Henegouwen
2139;7822;Ghislenghien;Henegouwen
2140;7822;Isières;Henegouwen
2141;7822;Meslin-L'Evêque;Henegouwen
2142;7823;Gibecq;Henegouwen
2143;7830;Bassilly;Henegouwen
2144;7830;Fouleng;Henegouwen
2145;7830;Gondregnies;Henegouwen
2146;7830;Graty;Henegouwen
2147;7830;Hellebecq;Henegouwen
2148;7830;Hoves;Henegouwen
2149;7830;Silly;Henegouwen
2150;7830;Thoricourt;Henegouwen
2151;7850;Edingen;Henegouwen
2152;7850;Lettelingen;Henegouwen
2153;7850;Mark;Henegouwen
2154;7860;Lessines;Henegouwen
2155;7861;Papignies;Henegouwen
2156;7861;Wannebecq;Henegouwen
2157;7862;Ogy;Henegouwen
2158;7863;Ghoy;Henegouwen
2159;7864;Deux-Acren;Henegouwen
2160;7866;Bois-De-Lessines;Henegouwen
2161;7866;Ollignies;Henegouwen
2162;7870;Bauffe;Henegouwen
2163;7870;Cambron-Saint-Vincent;Henegouwen
2164;7870;Lens;Henegouwen
2165;7870;Lombise;Henegouwen
2166;7870;Montignies-Lez-Lens;Henegouwen
2167;7880;Vloesberg;Henegouwen
2168;7890;Ellezelles;Henegouwen
2169;7890;Lahamaide;Henegouwen
2170;7890;Wodecq;Henegouwen
2171;7900;Grandmetz;Henegouwen
2172;7900;Leuze-En-Hainaut;Henegouwen
2173;7901;Thieulain;Henegouwen
2174;7903;Blicquy;Henegouwen
2175;7903;Chapelle-À-Oie;Henegouwen
2176;7903;Chapelle-À-Wattines;Henegouwen
2177;7904;Pipaix;Henegouwen
2178;7904;Tourpes;Henegouwen
2179;7904;Willaupuis;Henegouwen
2180;7906;Gallaix;Henegouwen
2181;7910;Anvaing;Henegouwen
2182;7910;Arc-Ainières;Henegouwen
2183;7910;Arc-Wattripont;Henegouwen
2184;7910;Cordes;Henegouwen
2185;7910;Ellignies-Lez-Frasnes;Henegouwen
2186;7910;Forest;Henegouwen
2187;7910;Wattripont;Henegouwen
2188;7911;Buissenal;Henegouwen
2189;7911;Frasnes-Lez-Buissenal;Henegouwen
2190;7911;Hacquegnies;Henegouwen
2191;7911;Herquegies;Henegouwen
2192;7911;Montroeul-Au-Bois;Henegouwen
2193;7911;Moustier;Henegouwen
2194;7911;Oeudeghien;Henegouwen
2195;7912;Dergneau;Henegouwen
2196;7912;Saint-Sauveur;Henegouwen
2197;7940;Brugelette;Henegouwen
2198;7940;Cambron-Casteau;Henegouwen
2199;7941;Attre;Henegouwen
2200;7942;Mévergnies-Lez-Lens;Henegouwen
2201;7943;Gages;Henegouwen
2202;7950;Chièvres;Henegouwen
2203;7950;Grosage;Henegouwen
2204;7950;Huissignies;Henegouwen
2205;7950;Ladeuze;Henegouwen
2206;7950;Tongre-Saint-Martin;Henegouwen
2207;7951;Tongre-Notre-Dame;Henegouwen
2208;7970;Beloeil;Henegouwen
2209;7971;Basècles;Henegouwen
2210;7971;Ramegnies;Henegouwen
2211;7971;Thumaide;Henegouwen
2212;7971;Wadelincourt;Henegouwen
2213;7972;Aubechies;Henegouwen
2214;7972;Ellignies-Saint-Anne;Henegouwen
2215;7972;Quevaucamps;Henegouwen
2216;7973;Grandglise;Henegouwen
2217;7973;Stambruges;Henegouwen
2218;8000;Brugge;West-Vlaanderen
2219;8000;Koolkerke;West-Vlaanderen
2220;8020;Hertsberge;West-Vlaanderen
2221;8020;Oostkamp;West-Vlaanderen
2222;8020;Ruddervoorde;West-Vlaanderen
2223;8020;Waardamme;West-Vlaanderen
2224;8200;Sint-Andries;West-Vlaanderen
2225;8200;Sint-Michiels;West-Vlaanderen
2226;8210;Loppem;West-Vlaanderen
2227;8210;Veldegem;West-Vlaanderen
2228;8210;Zedelgem;West-Vlaanderen
2229;8211;Aartrijke;West-Vlaanderen
2230;8300;Knokke;West-Vlaanderen
2231;8300;Westkapelle;West-Vlaanderen
2232;8301;Heist-Aan-Zee;West-Vlaanderen
2233;8301;Ramskapelle;West-Vlaanderen
2234;8310;Assebroek;West-Vlaanderen
2235;8310;Sint-Kruis;West-Vlaanderen
2236;8340;Damme;West-Vlaanderen
2237;8340;Hoeke;West-Vlaanderen
2238;8340;Lapscheure;West-Vlaanderen
2239;8340;Moerkerke;West-Vlaanderen
2240;8340;Oostkerke;West-Vlaanderen
2241;8340;Sijsele;West-Vlaanderen
2242;8370;Blankenberge;West-Vlaanderen
2243;8370;Uitkerke;West-Vlaanderen
2244;8377;Houtave;West-Vlaanderen
2245;8377;Meetkerke;West-Vlaanderen
2246;8377;Nieuwmunster;West-Vlaanderen
2247;8377;Zuienkerke;West-Vlaanderen
2248;8380;Dudzele;West-Vlaanderen
2249;8380;Lissewege;West-Vlaanderen
2250;8380;Zeebrugge;West-Vlaanderen
2251;8400;Oostende;West-Vlaanderen
2252;8400;Stene;West-Vlaanderen
2253;8400;Zandvoorde;West-Vlaanderen
2254;8420;De Haan;West-Vlaanderen
2255;8420;Klemskerke;West-Vlaanderen
2256;8420;Wenduine;West-Vlaanderen
2257;8421;Vlissegem;West-Vlaanderen
2258;8430;Middelkerke;West-Vlaanderen
2259;8431;Wilskerke;West-Vlaanderen
2260;8432;Leffinge;West-Vlaanderen
2261;8433;Mannekensvere;West-Vlaanderen
2262;8433;Schore;West-Vlaanderen
2263;8433;Sint-Pieters-Kapelle;West-Vlaanderen
2264;8433;Slijpe;West-Vlaanderen
2265;8434;Lombardsijde;West-Vlaanderen
2266;8434;Westende;West-Vlaanderen
2267;8450;Bredene;West-Vlaanderen
2268;8460;Ettelgem;West-Vlaanderen
2269;8460;Oudenburg;West-Vlaanderen
2270;8460;Roksem;West-Vlaanderen
2271;8460;Westkerke;West-Vlaanderen
2272;8470;Gistel;West-Vlaanderen
2273;8470;Moere;West-Vlaanderen
2274;8470;Snaaskerke;West-Vlaanderen
2275;8470;Zevekote;West-Vlaanderen
2276;8480;Bekegem;West-Vlaanderen
2277;8480;Eernegem;West-Vlaanderen
2278;8480;Ichtegem;West-Vlaanderen
2279;8490;Jabbeke;West-Vlaanderen
2280;8490;Snellegem;West-Vlaanderen
2281;8490;Stalhille;West-Vlaanderen
2282;8490;Varsenare;West-Vlaanderen
2283;8490;Zerkegem;West-Vlaanderen
2284;8500;Kortrijk;West-Vlaanderen
2285;8501;Bissegem;West-Vlaanderen
2286;8501;Heule;West-Vlaanderen
2287;8510;Bellegem;West-Vlaanderen
2288;8510;Kooigem;West-Vlaanderen
2289;8510;Marke;West-Vlaanderen
2290;8510;Rollegem;West-Vlaanderen
2291;8511;Aalbeke;West-Vlaanderen
2292;8520;Kuurne;West-Vlaanderen
2293;8530;Harelbeke;West-Vlaanderen
2294;8531;Bavikhove;West-Vlaanderen
2295;8531;Hulste;West-Vlaanderen
2296;8540;Deerlijk;West-Vlaanderen
2297;8550;Zwevegem;West-Vlaanderen
2298;8551;Heestert;West-Vlaanderen
2299;8552;Moen;West-Vlaanderen
2300;8553;Otegem;West-Vlaanderen
2301;8554;Sint-Denijs;West-Vlaanderen
2302;8560;Gullegem;West-Vlaanderen
2303;8560;Moorsele;West-Vlaanderen
2304;8560;Wevelgem;West-Vlaanderen
2305;8570;Anzegem;West-Vlaanderen
2306;8570;Gijzelbrechtegem;West-Vlaanderen
2307;8570;Ingooigem;West-Vlaanderen
2308;8570;Vichte;West-Vlaanderen
2309;8572;Kaster;West-Vlaanderen
2310;8573;Tiegem;West-Vlaanderen
2311;8580;Avelgem;West-Vlaanderen
2312;8581;Kerkhove;West-Vlaanderen
2313;8581;Waarmaarde;West-Vlaanderen
2314;8582;Outrijve;West-Vlaanderen
2315;8583;Bossuit;West-Vlaanderen
2316;8587;Helkijn;West-Vlaanderen
2317;8587;Spiere;West-Vlaanderen
2318;8600;Beerst;West-Vlaanderen
2319;8600;Diksmuide;West-Vlaanderen
2320;8600;Driekapellen;West-Vlaanderen
2321;8600;Esen;West-Vlaanderen
2322;8600;Kaaskerke;West-Vlaanderen
2323;8600;Keiem;West-Vlaanderen
2324;8600;Lampernisse;West-Vlaanderen
2325;8600;Leke;West-Vlaanderen
2326;8600;Nieuwkapelle;West-Vlaanderen
2327;8600;Oostkerke;West-Vlaanderen
2328;8600;Oudekapelle;West-Vlaanderen
2329;8600;Pervijze;West-Vlaanderen
2330;8600;Sint-Jacobs-Kapelle;West-Vlaanderen
2331;8600;Stuivekenskerke;West-Vlaanderen
2332;8600;Vladslo;West-Vlaanderen
2333;8600;Woumen;West-Vlaanderen
2334;8610;Handzame;West-Vlaanderen
2335;8610;Kortemark;West-Vlaanderen
2336;8610;Werken;West-Vlaanderen
2337;8610;Zarren;West-Vlaanderen
2338;8620;Nieuwpoort;West-Vlaanderen
2339;8620;Ramskapelle;West-Vlaanderen
2340;8620;Sint-Joris;West-Vlaanderen
2341;8630;Avekapelle;West-Vlaanderen
2342;8630;Booitshoeke;West-Vlaanderen
2343;8630;Bulskamp;West-Vlaanderen
2344;8630;De Moeren;West-Vlaanderen
2345;8630;Eggewaartskapelle;West-Vlaanderen
2346;8630;Houtem;West-Vlaanderen
2347;8630;Steenkerke;West-Vlaanderen
2348;8630;Veurne;West-Vlaanderen
2349;8630;Vinkem;West-Vlaanderen
2350;8630;Wulveringem;West-Vlaanderen
2351;8630;Zoutenaaie;West-Vlaanderen
2352;8640;Oostvleteren;West-Vlaanderen
2353;8640;Westvleteren;West-Vlaanderen
2354;8640;Woesten;West-Vlaanderen
2355;8647;Lo;West-Vlaanderen
2356;8647;Noordschote;West-Vlaanderen
2357;8647;Pollinkhove;West-Vlaanderen
2358;8647;Reninge;West-Vlaanderen
2359;8650;Houthulst;West-Vlaanderen
2360;8650;Klerken;West-Vlaanderen
2361;8650;Merkem;West-Vlaanderen
2362;8660;Adinkerke;West-Vlaanderen
2363;8660;De Panne;West-Vlaanderen
2364;8670;Koksijde;West-Vlaanderen
2365;8670;Oostduinkerke;West-Vlaanderen
2366;8670;Wulpen;West-Vlaanderen
2367;8680;Bovekerke;West-Vlaanderen
2368;8680;Koekelare;West-Vlaanderen
2369;8680;Zande;West-Vlaanderen
2370;8690;Alveringem;West-Vlaanderen
2371;8690;Hoogstade;West-Vlaanderen
2372;8690;Oeren;West-Vlaanderen
2373;8690;Sint-Rijkers;West-Vlaanderen
2374;8691;Beveren-Aan-De-Ijzer;West-Vlaanderen
2375;8691;Gijverinkhove;West-Vlaanderen
2376;8691;Izenberge;West-Vlaanderen
2377;8691;Leisele;West-Vlaanderen
2378;8691;Stavele;West-Vlaanderen
2379;8700;Aarsele;West-Vlaanderen
2380;8700;Kanegem;West-Vlaanderen
2381;8700;Schuiferskapelle;West-Vlaanderen
2382;8700;Tielt;West-Vlaanderen
2383;8710;Ooigem;West-Vlaanderen
2384;8710;Sint-Baafs-Vijve;West-Vlaanderen
2385;8710;Wielsbeke;West-Vlaanderen
2386;8720;Dentergem;West-Vlaanderen
2387;8720;Markegem;West-Vlaanderen
2388;8720;Oeselgem;West-Vlaanderen
2389;8720;Wakken;West-Vlaanderen
2390;8730;Beernem;West-Vlaanderen
2391;8730;Oedelem;West-Vlaanderen
2392;8730;Sint-Joris;West-Vlaanderen
2393;8740;Egem;West-Vlaanderen
2394;8740;Pittem;West-Vlaanderen
2395;8750;Wingene;West-Vlaanderen
2396;8750;Zwevezele;West-Vlaanderen
2397;8755;Ruiselede;West-Vlaanderen
2398;8760;Meulebeke;West-Vlaanderen
2399;8770;Ingelmunster;West-Vlaanderen
2400;8780;Oostrozebeke;West-Vlaanderen
2401;8790;Waregem;West-Vlaanderen
2402;8791;Beveren;West-Vlaanderen
2403;8792;Desselgem;West-Vlaanderen
2404;8793;Sint-Eloois-Vijve;West-Vlaanderen
2405;8800;Beveren;West-Vlaanderen
2406;8800;Oekene;West-Vlaanderen
2407;8800;Roeselare;West-Vlaanderen
2408;8800;Rumbeke;West-Vlaanderen
2409;8810;Lichtervelde;West-Vlaanderen
2410;8820;Torhout;West-Vlaanderen
2411;8830;Gits;West-Vlaanderen
2412;8830;Hooglede;West-Vlaanderen
2413;8840;Oostnieuwkerke;West-Vlaanderen
2414;8840;Staden;West-Vlaanderen
2415;8840;Westrozebeke;West-Vlaanderen
2416;8850;Ardooie;West-Vlaanderen
2417;8851;Koolskamp;West-Vlaanderen
2418;8860;Lendelede;West-Vlaanderen
2419;8870;Emelgem;West-Vlaanderen
2420;8870;Izegem;West-Vlaanderen
2421;8870;Kachtem;West-Vlaanderen
2422;8880;Ledegem;West-Vlaanderen
2423;8880;Rollegem-Kapelle;West-Vlaanderen
2424;8880;Sint-Eloois-Winkel;West-Vlaanderen
2425;8890;Dadizele;West-Vlaanderen
2426;8890;Moorslede;West-Vlaanderen
2427;8900;Brielen;West-Vlaanderen
2428;8900;Dikkebus;West-Vlaanderen
2429;8900;Ieper;West-Vlaanderen
2430;8900;Sint-Jan;West-Vlaanderen
2431;8902;Hollebeke;West-Vlaanderen
2432;8902;Voormezele;West-Vlaanderen
2433;8902;Zillebeke;West-Vlaanderen
2434;8904;Boezinge;West-Vlaanderen
2435;8904;Zuidschote;West-Vlaanderen
2436;8906;Elverdinge;West-Vlaanderen
2437;8908;Vlamertinge;West-Vlaanderen
2438;8920;Bikschote;West-Vlaanderen
2439;8920;Langemark;West-Vlaanderen
2440;8920;Poelkapelle;West-Vlaanderen
2441;8930;Lauwe;West-Vlaanderen
2442;8930;Menen;West-Vlaanderen
2443;8930;Rekkem;West-Vlaanderen
2444;8940;Geluwe;West-Vlaanderen
2445;8940;Wervik;West-Vlaanderen
2446;8950;Nieuwkerke;West-Vlaanderen
2447;8951;Dranouter;West-Vlaanderen
2448;8952;Wulvergem;West-Vlaanderen
2449;8953;Wijtschate;West-Vlaanderen
2450;8954;Westouter;West-Vlaanderen
2451;8956;Kemmel;West-Vlaanderen
2452;8957;Mesen;West-Vlaanderen
2453;8958;Loker;West-Vlaanderen
2454;8970;Poperinge;West-Vlaanderen
2455;8970;Reningelst;West-Vlaanderen
2456;8972;Krombeke;West-Vlaanderen
2457;8972;Proven;West-Vlaanderen
2458;8972;Roesbrugge-Haringe;West-Vlaanderen
2459;8978;Watou;West-Vlaanderen
2460;8980;Beselare;West-Vlaanderen
2461;8980;Geluveld;West-Vlaanderen
2462;8980;Passendale;West-Vlaanderen
2463;8980;Zandvoorde;West-Vlaanderen
2464;8980;Zonnebeke;West-Vlaanderen
2465;9000;Gent;Oost-Vlaanderen 
2466;9030;Mariakerke;Oost-Vlaanderen 
2467;9031;Drongen;Oost-Vlaanderen 
2468;9032;Wondelgem;Oost-Vlaanderen 
2469;9040;Sint-Amandsberg;Oost-Vlaanderen 
2470;9041;Oostakker;Oost-Vlaanderen 
2471;9042;Desteldonk;Oost-Vlaanderen 
2472;9042;Mendonk;Oost-Vlaanderen 
2473;9042;Sint-Kruis-Winkel;Oost-Vlaanderen 
2474;9050;Gentbrugge;Oost-Vlaanderen 
2475;9050;Ledeberg;Oost-Vlaanderen 
2476;9051;Afsnee;Oost-Vlaanderen 
2477;9051;Sint-Denijs-Westrem;Oost-Vlaanderen 
2478;9052;Zwijnaarde;Oost-Vlaanderen 
2479;9060;Zelzate;Oost-Vlaanderen 
2480;9070;Destelbergen;Oost-Vlaanderen 
2481;9070;Heusden;Oost-Vlaanderen 
2482;9080;Beervelde;Oost-Vlaanderen 
2483;9080;Lochristi;Oost-Vlaanderen 
2484;9080;Zaffelare;Oost-Vlaanderen 
2485;9080;Zeveneken;Oost-Vlaanderen 
2486;9090;Gontrode;Oost-Vlaanderen 
2487;9090;Melle;Oost-Vlaanderen 
2488;9099;Gent X;
2489;9100;Nieuwkerken-Waas;Oost-Vlaanderen 
2490;9100;Sint-Niklaas;Oost-Vlaanderen 
2491;9111;Belsele;Oost-Vlaanderen 
2492;9112;Sinaai-Waas;Oost-Vlaanderen 
2493;9120;Beveren-Waas;Oost-Vlaanderen 
2494;9120;Haasdonk;Oost-Vlaanderen 
2495;9120;Kallo;Oost-Vlaanderen 
2496;9120;Melsele;Oost-Vlaanderen 
2497;9120;Vrasene;Oost-Vlaanderen 
2498;9130;Doel;Oost-Vlaanderen 
2499;9130;Kallo;Oost-Vlaanderen 
2500;9130;Kieldrecht;Oost-Vlaanderen 
2501;9130;Verrebroek;Oost-Vlaanderen 
2502;9140;Elversele;Oost-Vlaanderen 
2503;9140;Steendorp;Oost-Vlaanderen 
2504;9140;Temse;Oost-Vlaanderen 
2505;9140;Tielrode;Oost-Vlaanderen 
2506;9150;Bazel;Oost-Vlaanderen 
2507;9150;Kruibeke;Oost-Vlaanderen 
2508;9150;Rupelmonde;Oost-Vlaanderen 
2509;9160;Daknam;Oost-Vlaanderen 
2510;9160;Eksaarde;Oost-Vlaanderen 
2511;9160;Lokeren;Oost-Vlaanderen 
2512;9170;De Klinge;Oost-Vlaanderen 
2513;9170;Meerdonk;Oost-Vlaanderen 
2514;9170;Sint-Gillis-Waas;Oost-Vlaanderen 
2515;9170;Sint-Pauwels;Oost-Vlaanderen 
2516;9180;Moerbeke-Waas;Oost-Vlaanderen 
2517;9185;Wachtebeke;Oost-Vlaanderen 
2518;9190;Kemzeke;Oost-Vlaanderen 
2519;9190;Stekene;Oost-Vlaanderen 
2520;9200;Appels;Oost-Vlaanderen 
2521;9200;Baasrode;Oost-Vlaanderen 
2522;9200;Dendermonde;Oost-Vlaanderen 
2523;9200;Grembergen;Oost-Vlaanderen 
2524;9200;Mespelare;Oost-Vlaanderen 
2525;9200;Oudegem;Oost-Vlaanderen 
2526;9200;Schoonaarde;Oost-Vlaanderen 
2527;9200;Sint-Gillis-Dendermonde;Oost-Vlaanderen 
2528;9220;Hamme;Oost-Vlaanderen 
2529;9220;Moerzeke;Oost-Vlaanderen 
2530;9230;Massemen;Oost-Vlaanderen 
2531;9230;Westrem;Oost-Vlaanderen 
2532;9230;Wetteren;Oost-Vlaanderen 
2533;9240;Zele;Oost-Vlaanderen 
2534;9250;Waasmunster;Oost-Vlaanderen 
2535;9255;Buggenhout;Oost-Vlaanderen 
2536;9255;Opdorp;Oost-Vlaanderen 
2537;9260;Schellebelle;Oost-Vlaanderen 
2538;9260;Serskamp;Oost-Vlaanderen 
2539;9260;Wichelen;Oost-Vlaanderen 
2540;9270;Kalken;Oost-Vlaanderen 
2541;9270;Laarne;Oost-Vlaanderen 
2542;9280;Denderbelle;Oost-Vlaanderen 
2543;9280;Lebbeke;Oost-Vlaanderen 
2544;9280;Wieze;Oost-Vlaanderen 
2545;9290;Berlare;Oost-Vlaanderen 
2546;9290;Overmere;Oost-Vlaanderen 
2547;9290;Uitbergen;Oost-Vlaanderen 
2548;9300;Aalst;Oost-Vlaanderen 
2549;9308;Gijzegem;Oost-Vlaanderen 
2550;9308;Hofstade;Oost-Vlaanderen 
2551;9310;Baardegem;Oost-Vlaanderen 
2552;9310;Herdersem;Oost-Vlaanderen 
2553;9310;Meldert;Oost-Vlaanderen 
2554;9310;Moorsel;Oost-Vlaanderen 
2555;9320;Erembodegem;Oost-Vlaanderen 
2556;9320;Nieuwerkerken;Oost-Vlaanderen 
2557;9340;Impe;Oost-Vlaanderen 
2558;9340;Lede;Oost-Vlaanderen 
2559;9340;Oordegem;Oost-Vlaanderen 
2560;9340;Smetlede;Oost-Vlaanderen 
2561;9340;Wanzele;Oost-Vlaanderen 
2562;9400;Appelterre-Eichem;Oost-Vlaanderen 
2563;9400;Denderwindeke;Oost-Vlaanderen 
2564;9400;Lieferinge;Oost-Vlaanderen 
2565;9400;Nederhasselt;Oost-Vlaanderen 
2566;9400;Ninove;Oost-Vlaanderen 
2567;9400;Okegem;Oost-Vlaanderen 
2568;9400;Voorde;Oost-Vlaanderen 
2569;9401;Pollare;Oost-Vlaanderen 
2570;9402;Meerbeke;Oost-Vlaanderen 
2571;9403;Neigem;Oost-Vlaanderen 
2572;9404;Aspelare;Oost-Vlaanderen 
2573;9406;Outer;Oost-Vlaanderen 
2574;9420;Aaigem;Oost-Vlaanderen 
2575;9420;Bambrugge;Oost-Vlaanderen 
2576;9420;Burst;Oost-Vlaanderen 
2577;9420;Erondegem;Oost-Vlaanderen 
2578;9420;Erpe;Oost-Vlaanderen 
2579;9420;Mere;Oost-Vlaanderen 
2580;9420;Ottergem;Oost-Vlaanderen 
2581;9420;Vlekkem;Oost-Vlaanderen 
2582;9450;Denderhoutem;Oost-Vlaanderen 
2583;9450;Haaltert;Oost-Vlaanderen 
2584;9450;Heldergem;Oost-Vlaanderen 
2585;9451;Kerksken;Oost-Vlaanderen 
2586;9470;Denderleeuw;Oost-Vlaanderen 
2587;9472;Iddergem;Oost-Vlaanderen 
2588;9473;Welle;Oost-Vlaanderen 
2589;9500;Geraardsbergen;Oost-Vlaanderen 
2590;9500;Goeferdinge;Oost-Vlaanderen 
2591;9500;Moerbeke;Oost-Vlaanderen 
2592;9500;Nederboelare;Oost-Vlaanderen 
2593;9500;Onkerzele;Oost-Vlaanderen 
2594;9500;Ophasselt;Oost-Vlaanderen 
2595;9500;Overboelare;Oost-Vlaanderen 
2596;9500;Viane;Oost-Vlaanderen 
2597;9500;Zarlardinge;Oost-Vlaanderen 
2598;9506;Grimminge;Oost-Vlaanderen 
2599;9506;Idegem;Oost-Vlaanderen 
2600;9506;Nieuwenhove;Oost-Vlaanderen 
2601;9506;Schendelbeke;Oost-Vlaanderen 
2602;9506;Smeerebbe-Vloerzegem;Oost-Vlaanderen 
2603;9506;Waarbeke;Oost-Vlaanderen 
2604;9506;Zandbergen;Oost-Vlaanderen 
2605;9520;Bavegem;Oost-Vlaanderen 
2606;9520;Oombergen;Oost-Vlaanderen 
2607;9520;Sint-Lievens-Houtem;Oost-Vlaanderen 
2608;9520;Vlierzele;Oost-Vlaanderen 
2609;9520;Zonnegem;Oost-Vlaanderen 
2610;9521;Letterhoutem;Oost-Vlaanderen 
2611;9550;Herzele;Oost-Vlaanderen 
2612;9550;Hillegem;Oost-Vlaanderen 
2613;9550;Sint-Antelinks;Oost-Vlaanderen 
2614;9550;Sint-Lievens-Esse;Oost-Vlaanderen 
2615;9550;Steenhuize-Wijnhuize;Oost-Vlaanderen 
2616;9550;Woubrechtegem;Oost-Vlaanderen 
2617;9551;Ressegem;Oost-Vlaanderen 
2618;9552;Borsbeke;Oost-Vlaanderen 
2619;9570;Deftinge;Oost-Vlaanderen 
2620;9570;Sint-Maria-Lierde;Oost-Vlaanderen 
2621;9571;Hemelveerdegem;Oost-Vlaanderen 
2622;9572;Sint-Martens-Lierde;Oost-Vlaanderen 
2623;9600;Ronse;Oost-Vlaanderen 
2624;9620;Elene;Oost-Vlaanderen 
2625;9620;Erwetegem;Oost-Vlaanderen 
2626;9620;Godveerdegem;Oost-Vlaanderen 
2627;9620;Grotenberge;Oost-Vlaanderen 
2628;9620;Leeuwergem;Oost-Vlaanderen 
2629;9620;Oombergen;Oost-Vlaanderen 
2630;9620;Sint-Goriks-Oudenhove;Oost-Vlaanderen 
2631;9620;Sint-Maria-Oudenhove;Oost-Vlaanderen 
2632;9620;Strijpen;Oost-Vlaanderen 
2633;9620;Velzeke-Ruddershove;Oost-Vlaanderen 
2634;9620;Zottegem;Oost-Vlaanderen 
2635;9630;Beerlegem;Oost-Vlaanderen 
2636;9630;Dikkele;Oost-Vlaanderen 
2637;9630;Hundelgem;Oost-Vlaanderen 
2638;9630;Meilegem;Oost-Vlaanderen 
2639;9630;Munkzwalm;Oost-Vlaanderen 
2640;9630;Paulatem;Oost-Vlaanderen 
2641;9630;Roborst;Oost-Vlaanderen 
2642;9630;Rozebeke;Oost-Vlaanderen 
2643;9630;Sint-Blasius-Boekel;Oost-Vlaanderen 
2644;9630;Sint-Denijs-Boekel;Oost-Vlaanderen 
2645;9630;Sint-Maria-Latem;Oost-Vlaanderen 
2646;9636;Nederzwalm-Hermelgem;Oost-Vlaanderen 
2647;9660;Brakel;Oost-Vlaanderen 
2648;9660;Elst;Oost-Vlaanderen 
2649;9660;Everbeek;Oost-Vlaanderen 
2650;9660;Michelbeke;Oost-Vlaanderen 
2651;9660;Nederbrakel;Oost-Vlaanderen 
2652;9660;Opbrakel;Oost-Vlaanderen 
2653;9660;Sint-Maria-Oudenhove;Oost-Vlaanderen 
2654;9660;Zegelsem;Oost-Vlaanderen 
2655;9661;Parike;Oost-Vlaanderen 
2656;9667;Sint-Kornelis-Horebeke;Oost-Vlaanderen 
2657;9667;Sint-Maria-Horebeke;Oost-Vlaanderen 
2658;9680;Etikhove;Oost-Vlaanderen 
2659;9680;Maarke-Kerkem;Oost-Vlaanderen 
2660;9681;Nukerke;Oost-Vlaanderen 
2661;9688;Schorisse;Oost-Vlaanderen 
2662;9690;Berchem;Oost-Vlaanderen 
2663;9690;Kwaremont;Oost-Vlaanderen 
2664;9690;Ruien;Oost-Vlaanderen 
2665;9690;Zulzeke;Oost-Vlaanderen 
2666;9700;Bevere;Oost-Vlaanderen 
2667;9700;Edelare;Oost-Vlaanderen 
2668;9700;Eine;Oost-Vlaanderen 
2669;9700;Ename;Oost-Vlaanderen 
2670;9700;Heurne;Oost-Vlaanderen 
2671;9700;Leupegem;Oost-Vlaanderen 
2672;9700;Mater;Oost-Vlaanderen 
2673;9700;Melden;Oost-Vlaanderen 
2674;9700;Mullem;Oost-Vlaanderen 
2675;9700;Nederename;Oost-Vlaanderen 
2676;9700;Ooike;Oost-Vlaanderen 
2677;9700;Oudenaarde;Oost-Vlaanderen 
2678;9700;Volkegem;Oost-Vlaanderen 
2679;9700;Welden;Oost-Vlaanderen 
2680;9750;Huise;Oost-Vlaanderen 
2681;9750;Ouwegem;Oost-Vlaanderen 
2682;9750;Zingem;Oost-Vlaanderen 
2683;9770;Kruishoutem;Oost-Vlaanderen 
2684;9771;Nokere;Oost-Vlaanderen 
2685;9772;Wannegem-Lede;Oost-Vlaanderen 
2686;9790;Elsegem;Oost-Vlaanderen 
2687;9790;Moregem;Oost-Vlaanderen 
2688;9790;Ooike;Oost-Vlaanderen 
2689;9790;Petegem-Aan-De-Schelde;Oost-Vlaanderen 
2690;9790;Wortegem;Oost-Vlaanderen 
2691;9800;Astene;Oost-Vlaanderen 
2692;9800;Bachte-Maria-Leerne;Oost-Vlaanderen 
2693;9800;Deinze;Oost-Vlaanderen 
2694;9800;Gottem;Oost-Vlaanderen 
2695;9800;Grammene;Oost-Vlaanderen 
2696;9800;Meigem;Oost-Vlaanderen 
2697;9800;Petegem-Aan-De-Leie;Oost-Vlaanderen 
2698;9800;Sint-Martens-Leerne;Oost-Vlaanderen 
2699;9800;Vinkt;Oost-Vlaanderen 
2700;9800;Wontergem;Oost-Vlaanderen 
2701;9800;Zeveren;Oost-Vlaanderen 
2702;9810;Eke;Oost-Vlaanderen 
2703;9810;Nazareth;Oost-Vlaanderen 
2704;9820;Bottelare;Oost-Vlaanderen 
2705;9820;Lemberge;Oost-Vlaanderen 
2706;9820;Melsen;Oost-Vlaanderen 
2707;9820;Merelbeke;Oost-Vlaanderen 
2708;9820;Munte;Oost-Vlaanderen 
2709;9820;Schelderode;Oost-Vlaanderen 
2710;9830;Sint-Martens-Latem;Oost-Vlaanderen 
2711;9831;Deurle;Oost-Vlaanderen 
2712;9840;De Pinte;Oost-Vlaanderen 
2713;9840;Zevergem;Oost-Vlaanderen 
2714;9850;Hansbeke;Oost-Vlaanderen 
2715;9850;Landegem;Oost-Vlaanderen 
2716;9850;Merendree;Oost-Vlaanderen 
2717;9850;Nevele;Oost-Vlaanderen 
2718;9850;Poesele;Oost-Vlaanderen 
2719;9850;Vosselare;Oost-Vlaanderen 
2720;9860;Balegem;Oost-Vlaanderen 
2721;9860;Gijzenzele;Oost-Vlaanderen 
2722;9860;Landskouter;Oost-Vlaanderen 
2723;9860;Moortsele;Oost-Vlaanderen 
2724;9860;Oosterzele;Oost-Vlaanderen 
2725;9860;Scheldewindeke;Oost-Vlaanderen 
2726;9870;Machelen;Oost-Vlaanderen 
2727;9870;Olsene;Oost-Vlaanderen 
2728;9870;Zulte;Oost-Vlaanderen 
2729;9880;Aalter;Oost-Vlaanderen 
2730;9880;Lotenhulle;Oost-Vlaanderen 
2731;9880;Poeke;Oost-Vlaanderen 
2732;9881;Bellem;Oost-Vlaanderen 
2733;9890;Asper;Oost-Vlaanderen 
2734;9890;Baaigem;Oost-Vlaanderen 
2735;9890;Dikkelvenne;Oost-Vlaanderen 
2736;9890;Gavere;Oost-Vlaanderen 
2737;9890;Semmerzake;Oost-Vlaanderen 
2738;9890;Vurste;Oost-Vlaanderen 
2739;9900;Eeklo;Oost-Vlaanderen 
2740;9910;Knesselare;Oost-Vlaanderen 
2741;9910;Ursel;Oost-Vlaanderen 
2742;9920;Lovendegem;Oost-Vlaanderen 
2743;9921;Vinderhoute;Oost-Vlaanderen 
2744;9930;Zomergem;Oost-Vlaanderen 
2745;9931;Oostwinkel;Oost-Vlaanderen 
2746;9932;Ronsele;Oost-Vlaanderen 
2747;9940;Ertvelde;Oost-Vlaanderen 
2748;9940;Evergem;Oost-Vlaanderen 
2749;9940;Kluizen;Oost-Vlaanderen 
2750;9940;Sleidinge;Oost-Vlaanderen 
2751;9950;Waarschoot;Oost-Vlaanderen 
2752;9960;Assenede;Oost-Vlaanderen 
2753;9961;Boekhoute;Oost-Vlaanderen 
2754;9968;Bassevelde;Oost-Vlaanderen 
2755;9968;Oosteeklo;Oost-Vlaanderen 
2756;9970;Kaprijke;Oost-Vlaanderen 
2757;9971;Lembeke;Oost-Vlaanderen 
2758;9980;Sint-Laureins;Oost-Vlaanderen 
2759;9981;Sint-Margriete;Oost-Vlaanderen 
2760;9982;Sint-Jan-In-Eremo;Oost-Vlaanderen 
2761;9988;Waterland-Oudeman;Oost-Vlaanderen 
2762;9988;Watervliet;Oost-Vlaanderen 
2763;9990;Maldegem;Oost-Vlaanderen 
2764;9991;Adegem;Oost-Vlaanderen 
2765;9992;Middelburg;Oost-Vlaanderen 
